drug_id,target_id,interaction,cluster_id
DB00050,P22888,1,8
DB00050,P30968,1,8
DB00162,P10745,1,3
DB00162,P09455,1,11
DB00162,P00352,1,10
DB00162,Q92781,1,11
DB00162,P12271,1,11
DB00162,O95237,1,0
DB00175,P04035,1,8
DB00176,P31645,1,5
DB00177,P30556,1,10
DB00178,P12821,1,8
DB00180,P04150,1,10
DB00181,Q9UBS5,1,8
DB00181,O75899,1,5
DB00182,Q05940,1,5
DB00182,Q01959,1,11
DB00184,Q15822,1,0
DB00184,P43681,1,6
DB00184,P17787,1,0
DB00184,P36544,1,4
DB00184,P30926,1,13
DB00184,P32297,1,0
DB00184,P30532,1,8
DB00185,P20309,1,8
DB00185,P11229,1,4
DB00186,P24046,1,0
DB00186,P48169,1,13
DB00186,P34903,1,6
DB00186,P30536,1,11
DB00186,P14867,1,14
DB00186,P18505,1,6
DB00186,P28472,1,6
DB00186,P47870,1,5
DB00186,P18507,1,5
DB00186,Q8N1C3,1,5
DB00186,Q99928,1,0
DB00186,P28476,1,11
DB00186,O14764,1,0
DB00187,P08588,1,3
DB00188,Q99460,1,0
DB00188,Q13200,1,13
DB00188,P20618,1,8
DB00188,P28074,1,0
DB00188,P49721,1,13
DB00191,P23975,1,13
DB00191,Q01959,1,11
DB00191,P31645,1,5
DB00191,P27338,1,0
DB00191,P21397,1,6
DB00193,P20309,1,8
DB00193,P41143,1,10
DB00193,P23975,1,13
DB00193,P28335,1,7
DB00193,P41145,1,8
DB00193,Q8TCU5,1,6
DB00193,P31645,1,5
DB00193,P35372,1,11
DB00195,P08588,1,3
DB00195,P07550,1,10
DB00197,P37231,1,8
DB00197,P05121,1,0
DB00197,Q99808,1,5
DB00197,P62508,1,0
DB00197,P11474,1,11
DB00198,Q99519,1,3
DB00198,P23141,1,10
DB00200,Q8IVH4,1,10
DB00200,Q96EY8,1,11
DB00200,Q99707,1,0
DB00200,Q9UBK8,1,5
DB00200,P22033,1,13
DB00200,O60494,1,6
DB00201,P30542,1,0
DB00201,Q07343,1,3
DB00201,P21817,1,8
DB00201,P29274,1,4
DB00202,P20309,1,8
DB00202,P11229,1,4
DB00202,P08172,1,9
DB00203,O76074,1,2
DB00203,P18545,1,8
DB00203,Q13956,1,2
DB00204,Q12809,1,3
DB00204,Q14500,1,0
DB00205,P00374,1,5
DB00206,Q05940,1,10
DB00208,Q9H244,1,10
DB00210,P28702,1,0
DB00210,P13631,1,5
DB00210,P10826,1,5
DB00210,P19793,1,5
DB00210,P10276,1,8
DB00210,P48443,1,5
DB00211,P35348,1,12
DB00211,P35368,1,15
DB00215,P31645,1,5
DB00216,P08908,1,10
DB00216,P41595,1,13
DB00216,P30939,1,10
DB00216,P34969,1,13
DB00216,P28221,1,10
DB00216,P28222,1,13
DB00218,P11388,1,13
DB00222,Q09428,1,10
DB00222,P48048,1,8
DB00222,Q14654,1,0
DB00227,P20701,1,0
DB00227,P04035,1,8
DB00227,Q92769,1,13
DB00228,P03886,1,6
DB00228,Q12791,1,5
DB00228,P42261,1,8
DB00228,Q09470,1,6
DB00228,P14867,1,14
DB00230,O00555,1,13
DB00231,P24046,1,0
DB00231,P48169,1,13
DB00231,P34903,1,6
DB00231,P30536,1,11
DB00231,P14867,1,14
DB00231,P18505,1,6
DB00231,P28472,1,6
DB00231,P47870,1,5
DB00231,P18507,1,5
DB00231,Q8N1C3,1,5
DB00231,Q99928,1,0
DB00231,P28476,1,11
DB00231,O14764,1,0
DB00242,P00491,1,5
DB00242,P23921,1,10
DB00242,P09884,1,1
DB00242,P31350,1,5
DB00242,Q7LG56,1,13
DB00242,Q07864,1,4
DB00242,P56282,1,11
DB00242,Q9NR33,1,0
DB00242,Q9NRF9,1,3
DB00243,Q14524,1,13
DB00246,P21728,1,10
DB00246,P20309,1,8
DB00246,P11229,1,4
DB00246,P21918,1,8
DB00246,P08912,1,2
DB00246,P08913,1,5
DB00246,P08908,1,10
DB00246,P46098,1,8
DB00246,P18825,1,11
DB00246,P21917,1,10
DB00246,P08173,1,13
DB00246,P28223,1,1
DB00246,P35348,1,12
DB00246,P28335,1,7
DB00246,P08172,1,9
DB00246,P18089,1,5
DB00246,P35368,1,15
DB00246,P35462,1,10
DB00246,P34969,1,13
DB00246,P28221,1,10
DB00246,P14416,1,2
DB00246,P28222,1,13
DB00246,P50406,1,12
DB00247,P08908,1,10
DB00247,P41595,1,13
DB00247,P28223,1,1
DB00247,P28335,1,7
DB00247,P34969,1,13
DB00248,P21728,1,10
DB00248,P21918,1,8
DB00248,P08913,1,5
DB00248,P08908,1,10
DB00248,P18825,1,11
DB00248,P21917,1,10
DB00248,P41595,1,13
DB00248,P28223,1,1
DB00248,P28335,1,7
DB00248,P18089,1,5
DB00248,P35462,1,10
DB00248,P34969,1,13
DB00248,P28221,1,10
DB00248,P14416,1,2
DB00248,P28222,1,13
DB00252,Q14524,1,13
DB00257,O15554,1,10
DB00264,P08588,1,3
DB00264,P07550,1,10
DB00268,P21728,1,10
DB00268,P21918,1,8
DB00268,P08913,1,5
DB00268,P08908,1,10
DB00268,P18825,1,11
DB00268,P21917,1,10
DB00268,P41595,1,13
DB00268,P28223,1,1
DB00268,P28335,1,7
DB00268,P18089,1,5
DB00268,P35462,1,10
DB00268,P28221,1,10
DB00268,P14416,1,2
DB00268,P28222,1,13
DB00273,P00918,1,2
DB00273,P39086,1,8
DB00273,P22748,1,11
DB00273,P14867,1,14
DB00276,Q12809,1,3
DB00276,P11388,1,13
DB00277,P30542,1,0
DB00277,O76074,1,2
DB00277,P29275,1,5
DB00277,Q07343,1,3
DB00277,P29274,1,4
DB00277,P27815,1,11
DB00278,P00734,1,3
DB00280,P20309,1,8
DB00280,P11229,1,4
DB00280,Q14524,1,13
DB00280,P08172,1,9
DB00280,Q9NZV8,1,0
DB00280,Q9UK17,1,8
DB00281,Q9Y5Y9,1,11
DB00281,Q14524,1,13
DB00281,P00533,1,0
DB00282,P14324,1,8
DB00284,O43451,1,5
DB00284,P10253,1,5
DB00284,P14410,1,5
DB00284,P04746,1,11
DB00285,P23975,1,13
DB00285,Q01959,1,11
DB00285,P31645,1,5
DB00287,P43088,1,8
DB00288,P04083,1,10
DB00288,P04150,1,10
DB00289,P23975,1,13
DB00289,P31645,1,5
DB00292,P18089,1,5
DB00292,P14867,1,14
DB00293,P04818,1,11
DB00295,P41143,1,10
DB00295,P41145,1,8
DB00295,P35372,1,11
DB00296,Q9Y5Y9,1,11
DB00297,P34995,1,10
DB00297,Q9Y5Y9,1,11
DB00302,P00747,1,8
DB00307,P28702,1,0
DB00307,P19793,1,5
DB00307,P48443,1,0
DB00308,Q12809,1,3
DB00308,O00180,1,13
DB00308,Q13936,1,3
DB00308,Q14654,1,0
DB00310,Q13621,1,8
DB00312,P48169,1,13
DB00312,P34903,1,6
DB00312,P14867,1,14
DB00312,Q13002,1,0
DB00312,P42262,1,0
DB00312,P43681,1,6
DB00312,P36544,1,4
DB00313,P80404,1,11
DB00313,Q9UKV0,1,8
DB00315,P08908,1,10
DB00315,P30939,1,10
DB00315,P28221,1,10
DB00315,P28222,1,13
DB00316,P23219,1,6
DB00316,P35354,1,11
DB00317,P00533,1,0
DB00318,P41143,1,10
DB00318,P41145,1,8
DB00318,P35372,1,11
DB00320,P08913,1,5
DB00320,P41595,1,13
DB00320,P28221,1,10
DB00320,P28222,1,13
DB00321,P20309,1,8
DB00321,P11229,1,4
DB00321,P08912,1,2
DB00321,P08913,1,5
DB00321,P08908,1,10
DB00321,P08173,1,13
DB00321,P41143,1,10
DB00321,P28223,1,1
DB00321,P23975,1,13
DB00321,P35348,1,12
DB00321,P08172,1,9
DB00321,P41145,1,8
DB00321,P25100,1,3
DB00321,P31645,1,5
DB00321,Q09470,1,13
DB00321,O43526,1,13
DB00321,P04629,1,10
DB00321,Q9NZV8,1,6
DB00321,Q9UK17,1,8
DB00321,Q16620,1,6
DB00323,P21964,1,0
DB00324,P04150,1,10
DB00327,P41143,1,10
DB00327,P41145,1,8
DB00327,P35372,1,11
DB00328,P23219,1,6
DB00328,P37231,1,8
DB00328,P35354,1,11
DB00328,Q04760,1,10
DB00328,P14555,1,3
DB00331,Q9Y478,1,13
DB00333,P41143,1,10
DB00333,Q8TCU5,1,6
DB00333,P35372,1,11
DB00334,P21728,1,10
DB00334,P20309,1,8
DB00334,P11229,1,4
DB00334,P21918,1,8
DB00334,P08912,1,2
DB00334,P08913,1,5
DB00334,P08908,1,10
DB00334,P46098,1,8
DB00334,P18825,1,11
DB00334,P21917,1,10
DB00334,P08173,1,13
DB00334,P28223,1,1
DB00334,P35348,1,12
DB00334,P28335,1,7
DB00334,P08172,1,9
DB00334,P18089,1,5
DB00334,P35368,1,15
DB00334,P35462,1,10
DB00334,P34969,1,13
DB00334,P28221,1,10
DB00334,P14416,1,2
DB00334,P28222,1,13
DB00334,P50406,1,12
DB00335,P08588,1,3
DB00337,P62942,1,11
DB00337,P42345,1,6
DB00344,P23975,1,13
DB00344,P31645,1,5
DB00346,P35348,1,12
DB00346,P35368,1,15
DB00346,P25100,1,3
DB00349,P24046,1,0
DB00349,P48169,1,13
DB00349,P34903,1,6
DB00349,P14867,1,14
DB00349,P18505,1,6
DB00349,P28472,1,6
DB00349,P47870,1,5
DB00349,P18507,1,5
DB00349,Q8N1C3,1,5
DB00349,Q99928,1,0
DB00349,P28476,1,11
DB00349,O14764,1,0
DB00350,P23219,1,6
DB00350,P48048,1,8
DB00351,P06401,1,5
DB00351,P04150,1,10
DB00356,Q12791,1,5
DB00357,P11511,1,5
DB00357,P05108,1,13
DB00358,P69905,1,10
DB00358,P29274,1,4
DB00361,P07437,1,10
DB00363,P21728,1,10
DB00363,P20309,1,8
DB00363,P11229,1,4
DB00363,Q9H3N8,1,8
DB00363,P08912,1,2
DB00363,P08913,1,5
DB00363,P08908,1,10
DB00363,P46098,1,8
DB00363,P18825,1,11
DB00363,P21917,1,10
DB00363,P08173,1,13
DB00363,P28223,1,1
DB00363,P35348,1,12
DB00363,P28335,1,7
DB00363,P08172,1,9
DB00363,P18089,1,5
DB00363,P35368,1,15
DB00363,P35462,1,10
DB00363,P34969,1,13
DB00363,P28221,1,10
DB00363,Q9NYX4,1,13
DB00363,P14416,1,2
DB00363,P28222,1,13
DB00363,P50406,1,10
DB00364,P02671,1,11
DB00364,P01133,1,11
DB00364,P09038,1,8
DB00364,P02675,1,0
DB00364,P02679,1,6
DB00367,P03372,1,13
DB00367,P10275,1,3
DB00367,P06401,1,5
DB00368,P08588,1,3
DB00368,P08913,1,5
DB00368,P18825,1,11
DB00368,P35348,1,12
DB00368,P18089,1,5
DB00368,P35368,1,15
DB00368,P07550,1,10
DB00368,P25100,1,3
DB00368,P13945,1,10
DB00370,P08913,1,5
DB00370,P46098,1,8
DB00370,P28223,1,1
DB00370,P28335,1,7
DB00370,P41145,1,8
DB00371,P48169,1,13
DB00371,P34903,1,6
DB00371,P14867,1,14
DB00373,P08588,1,3
DB00373,P07550,1,10
DB00374,Q9H244,1,10
DB00374,P43119,1,10
DB00374,Q03181,1,10
DB00376,P20309,1,8
DB00376,P11229,1,4
DB00376,P08912,1,2
DB00376,P08173,1,13
DB00376,P08172,1,9
DB00377,P46098,1,8
DB00379,Q14524,1,13
DB00379,P35869,1,1
DB00381,Q13936,1,3
DB00381,Q00975,1,5
DB00381,Q08289,1,5
DB00381,Q13698,1,13
DB00381,Q01668,1,11
DB00382,P22303,1,8
DB00382,P06276,1,8
DB00384,P51168,1,3
DB00384,P37088,1,11
DB00384,P51172,1,13
DB00384,P51170,1,13
DB00388,P35348,1,12
DB00388,P35368,1,15
DB00388,P25100,1,3
DB00390,P05023,1,13
DB00393,Q13936,1,3
DB00393,P08235,1,8
DB00393,Q08289,1,5
DB00393,Q13698,1,13
DB00393,O00305,1,13
DB00393,O60840,1,13
DB00393,P54284,1,13
DB00393,Q01668,1,11
DB00393,P35869,1,1
DB00396,P03372,1,13
DB00396,P05093,1,11
DB00396,P06401,1,5
DB00396,P08235,1,8
DB00398,P35916,1,0
DB00398,P04049,1,0
DB00398,P36888,1,5
DB00398,P09619,1,8
DB00398,P35968,1,0
DB00398,P10721,1,10
DB00398,P15056,1,5
DB00401,Q13936,1,3
DB00401,Q08289,1,6
DB00401,Q13698,1,13
DB00401,Q01668,1,11
DB00404,P24046,1,0
DB00404,P48169,1,13
DB00404,P34903,1,6
DB00404,P30536,1,11
DB00404,P14867,1,14
DB00404,P18505,1,6
DB00404,P28472,1,6
DB00404,P47870,1,5
DB00404,P18507,1,5
DB00404,Q8N1C3,1,5
DB00404,Q99928,1,0
DB00404,P28476,1,11
DB00404,O14764,1,0
DB00408,P21728,1,10
DB00408,P28223,1,1
DB00408,P28335,1,7
DB00408,P14416,1,2
DB00411,P11229,1,4
DB00411,P08172,1,9
DB00411,Q15822,1,0
DB00412,P37231,1,8
DB00413,P21728,1,10
DB00413,P21918,1,8
DB00413,P08913,1,5
DB00413,P08908,1,10
DB00413,P18825,1,11
DB00413,P21917,1,10
DB00413,P41595,1,13
DB00413,P28223,1,1
DB00413,P28335,1,7
DB00413,P18089,1,5
DB00413,P35462,1,10
DB00413,P28221,1,10
DB00413,P14416,1,2
DB00413,P28222,1,13
DB00418,P48169,1,13
DB00418,P34903,1,6
DB00418,P14867,1,14
DB00418,Q13002,1,0
DB00418,P42262,1,0
DB00418,P43681,1,6
DB00418,P36544,1,4
DB00419,Q16739,1,5
DB00421,P10275,1,3
DB00421,P08235,1,8
DB00422,P23975,1,13
DB00422,Q01959,1,11
DB00422,P31645,1,5
DB00425,P34903,1,6
DB00425,P14867,1,14
DB00431,P48167,1,0
DB00431,P23416,1,11
DB00431,P18505,1,6
DB00433,P14416,1,2
DB00434,P20309,1,8
DB00434,P11229,1,4
DB00434,P28223,1,1
DB00434,P28335,1,7
DB00434,P08172,1,9
DB00437,P47989,1,3
DB00439,P04035,1,8
DB00440,P04818,1,11
DB00440,P00374,1,5
DB00441,P04818,1,11
DB00441,P23921,1,10
DB00441,P30085,1,0
DB00444,P11388,1,13
DB00446,P08174,1,0
DB00449,P08913,1,5
DB00449,P35348,1,12
DB00449,P07550,1,10
DB00449,P06276,1,8
DB00450,P35348,1,12
DB00450,P14416,1,2
DB00454,Q05586,1,0
DB00454,O15399,1,6
DB00454,Q13224,1,8
DB00454,Q14957,1,5
DB00454,P41145,1,8
DB00457,Q12809,1,3
DB00457,P35348,1,12
DB00457,P35368,1,15
DB00457,P25100,1,3
DB00458,P20309,1,8
DB00458,P11229,1,4
DB00458,P08912,1,2
DB00458,P08173,1,13
DB00458,P28223,1,1
DB00458,P23975,1,13
DB00458,P35348,1,12
DB00458,P08172,1,9
DB00458,P25100,1,3
DB00458,P31645,1,5
DB00458,Q9NZV8,1,8
DB00458,Q9UK17,1,8
DB00459,P28702,1,0
DB00459,P13631,1,5
DB00459,P10826,1,0
DB00459,P09455,1,8
DB00459,P19793,1,5
DB00459,P10276,1,8
DB00459,P48443,1,3
DB00461,P23219,1,6
DB00461,P35354,1,11
DB00465,P23219,1,6
DB00465,P35354,1,11
DB00471,P09917,1,0
DB00472,P31645,1,5
DB00474,P14867,1,14
DB00475,P24046,1,0
DB00475,P48169,1,13
DB00475,P34903,1,6
DB00475,P14867,1,14
DB00475,P18505,1,6
DB00475,P28472,1,6
DB00475,P47870,1,5
DB00475,P18507,1,5
DB00475,Q8N1C3,1,5
DB00475,Q99928,1,0
DB00475,P28476,1,11
DB00475,O14764,1,0
DB00476,P23975,1,13
DB00476,Q01959,1,11
DB00476,P31645,1,5
DB00477,P21728,1,10
DB00477,P08908,1,10
DB00477,P28223,1,1
DB00477,P35348,1,12
DB00477,P35368,1,15
DB00477,P14416,1,2
DB00480,P35354,1,11
DB00480,P33151,1,0
DB00480,O14788,1,5
DB00481,P03372,1,13
DB00481,Q92731,1,3
DB00482,P35354,1,11
DB00482,O15530,1,5
DB00484,P08913,1,5
DB00484,P18825,1,11
DB00484,P18089,1,5
DB00486,P21554,1,8
DB00486,P34972,1,2
DB00489,Q12809,1,3
DB00489,P08588,1,3
DB00489,P07550,1,10
DB00490,P08908,1,10
DB00490,P14416,1,2
DB00491,O43451,1,5
DB00491,P10253,1,5
DB00492,P12821,1,10
DB00494,P21964,1,0
DB00496,P20309,1,8
DB00496,P11229,1,4
DB00496,P08912,1,2
DB00496,P08173,1,13
DB00496,P08172,1,9
DB00497,P41143,1,10
DB00497,P41145,1,8
DB00497,P35372,1,11
DB00499,P10275,1,3
DB00499,P35869,1,1
DB00500,P23219,1,6
DB00500,P35354,1,11
DB00501,P25021,1,12
DB00502,P21728,1,10
DB00502,Q13224,1,8
DB00502,P28223,1,1
DB00502,P35462,1,10
DB00502,P14416,1,2
DB00518,Q71U36,1,8
DB00518,P68371,1,10
DB00519,P12821,1,10
DB00521,P08588,1,3
DB00521,P07550,1,10
DB00524,P55017,1,13
DB00530,P00533,1,0
DB00530,O75469,1,6
DB00532,Q14524,1,13
DB00533,P35354,1,11
DB00533,P15502,1,8
DB00535,P05164,1,5
DB00537,P11388,1,13
DB00539,P03372,1,13
DB00540,P20309,1,8
DB00540,P11229,1,4
DB00540,P08912,1,2
DB00540,P08908,1,10
DB00540,P08173,1,13
DB00540,P28223,1,1
DB00540,P23975,1,13
DB00540,P35348,1,12
DB00540,P08172,1,9
DB00540,P25100,1,3
DB00540,P31645,1,5
DB00541,P07437,1,10
DB00541,P68366,1,0
DB00542,P12821,1,13
DB00543,P21728,1,10
DB00543,P11229,1,4
DB00543,P08913,1,5
DB00543,P23975,1,13
DB00543,P35348,1,12
DB00543,P31645,1,5
DB00543,P14416,1,2
DB00543,P14867,1,14
DB00547,P04150,1,10
DB00548,P14679,1,0
DB00550,P07202,1,0
DB00554,P23219,1,6
DB00554,P35354,1,11
DB00555,Q99250,1,0
DB00559,P24530,1,0
DB00559,P25101,1,11
DB00561,O14649,1,8
DB00561,Q9NPC2,1,8
DB00563,P00374,1,5
DB00564,Q14524,1,13
DB00571,P08588,1,3
DB00571,P08908,1,10
DB00571,P07550,1,10
DB00571,P28222,1,13
DB00571,P13945,1,10
DB00572,P20309,1,8
DB00572,P11229,1,4
DB00572,P08912,1,2
DB00572,P08173,1,13
DB00572,P08172,1,9
DB00573,P23219,1,6
DB00573,P35354,1,11
DB00575,P08913,1,5
DB00575,P18825,1,11
DB00575,P18089,1,5
DB00580,P35354,1,11
DB00585,P25021,1,12
DB00586,P23219,1,6
DB00586,P09917,1,0
DB00586,P35354,1,11
DB00586,P78348,1,10
DB00586,O43526,1,13
DB00586,P14555,1,10
DB00586,P35499,1,13
DB00586,O43525,1,8
DB00590,Q12809,1,3
DB00590,P35348,1,12
DB00590,P35368,1,15
DB00590,P25100,1,3
DB00591,P04150,1,10
DB00593,O43497,1,3
DB00594,P51168,1,3
DB00594,P37088,1,11
DB00594,P19801,1,11
DB00594,P78348,1,13
DB00594,P51172,1,13
DB00594,P51170,1,13
DB00594,Q16515,1,8
DB00594,P19634,1,3
DB00594,P00749,1,11
DB00598,P08588,1,3
DB00598,P35348,1,12
DB00598,P35368,1,15
DB00598,P07550,1,10
DB00602,P28472,1,6
DB00603,P03372,1,13
DB00603,P06401,1,5
DB00605,P23219,1,6
DB00605,P35354,1,11
DB00605,P15121,1,8
DB00605,Q03181,1,3
DB00605,P27361,1,13
DB00608,P01375,1,10
DB00608,Q9NR96,1,5
DB00608,P09210,1,13
DB00611,P41143,1,10
DB00611,P41145,1,8
DB00611,P35372,1,11
DB00612,P08588,1,3
DB00612,P07550,1,10
DB00615,P07900,1,2
DB00615,P14625,1,11
DB00619,P00519,1,11
DB00619,P09619,1,8
DB00619,P10721,1,10
DB00619,P16234,1,0
DB00619,P07333,1,0
DB00619,P04629,1,8
DB00619,P07949,1,6
DB00619,Q08345,1,11
DB00619,P07949,1,6
DB00620,P04150,1,10
DB00621,P10275,1,3
DB00622,P20309,1,8
DB00622,P11229,1,4
DB00622,P08912,1,2
DB00622,P08173,1,13
DB00622,P62158,1,8
DB00622,Q13936,1,3
DB00622,P35348,1,12
DB00622,P08172,1,9
DB00622,P35368,1,15
DB00622,P25100,1,3
DB00622,Q08289,1,5
DB00622,Q01668,1,8
DB00622,P54750,1,10
DB00623,P21728,1,10
DB00623,P62158,1,8
DB00623,P14416,1,2
DB00624,P10275,1,3
DB00630,P14324,1,8
DB00630,P29074,1,13
DB00630,Q13332,1,6
DB00630,P23469,1,3
DB00630,P38606,1,3
DB00631,P23921,1,10
DB00631,P09884,1,1
DB00633,P08913,1,5
DB00635,P04150,1,10
DB00640,P30542,1,0
DB00640,P29275,1,5
DB00640,P29274,1,4
DB00641,P04035,1,8
DB00641,P05107,1,0
DB00642,P04818,1,11
DB00642,P00374,1,5
DB00642,P22102,1,0
DB00642,P31939,1,11
DB00648,P10109,1,8
DB00648,P15538,1,8
DB00650,P04818,1,11
DB00651,P30542,1,0
DB00651,Q07343,1,3
DB00651,P29274,1,4
DB00651,P27815,1,11
DB00651,Q08499,1,8
DB00652,Q99720,1,6
DB00652,P41145,1,8
DB00652,P35372,1,11
DB00654,P43088,1,8
DB00656,P08913,1,5
DB00656,P08908,1,10
DB00656,P28223,1,1
DB00656,P35348,1,12
DB00656,P28335,1,7
DB00656,P31645,1,5
DB00657,Q15822,1,0
DB00659,Q8TCU5,1,6
DB00659,Q13255,1,10
DB00659,Q14416,1,11
DB00659,P41594,1,3
DB00659,Q14832,1,6
DB00661,Q12809,1,3
DB00661,Q14524,1,13
DB00661,O00555,1,13
DB00661,Q13936,1,3
DB00661,O43497,1,3
DB00661,Q14654,1,0
DB00661,P31645,1,5
DB00661,Q00975,1,5
DB00661,Q08289,1,5
DB00661,Q13698,1,13
DB00661,O00305,1,13
DB00661,O60840,1,13
DB00661,P54284,1,13
DB00661,Q01668,1,8
DB00665,P10275,1,3
DB00668,P08588,1,3
DB00668,P08913,1,5
DB00668,P35348,1,12
DB00668,P18089,1,5
DB00668,P35368,1,15
DB00668,P07550,1,10
DB00668,P25100,1,3
DB00669,P08908,1,10
DB00669,P30939,1,10
DB00669,P28221,1,10
DB00669,P28222,1,13
DB00672,Q09428,1,10
DB00673,P25103,1,10
DB00674,P22303,1,8
DB00674,Q15822,1,0
DB00674,P43681,1,6
DB00674,P17787,1,0
DB00674,P06276,1,8
DB00674,P36544,1,4
DB00674,P30926,1,10
DB00674,P32297,1,0
DB00674,P30532,1,8
DB00674,P02708,1,0
DB00674,P11230,1,11
DB00674,Q07001,1,11
DB00674,P07510,1,11
DB00674,Q04844,1,5
DB00675,P03372,1,13
DB00675,Q92731,1,3
DB00678,P30556,1,10
DB00679,P21728,1,10
DB00679,Q12809,1,3
DB00679,P28223,1,1
DB00679,P35348,1,12
DB00679,P35368,1,15
DB00679,P14416,1,2
DB00680,Q14524,1,13
DB00683,P24046,1,0
DB00683,P48169,1,13
DB00683,P34903,1,6
DB00683,P14867,1,14
DB00683,P18505,1,6
DB00683,P28472,1,6
DB00683,P47870,1,5
DB00683,P18507,1,5
DB00683,Q8N1C3,1,5
DB00683,Q99928,1,0
DB00683,P28476,1,11
DB00683,O14764,1,0
DB00685,P11388,1,13
DB00687,P10275,1,3
DB00687,P08235,1,8
DB00687,P04150,1,10
DB00690,P24046,1,0
DB00690,P48169,1,13
DB00690,P34903,1,6
DB00690,P14867,1,14
DB00690,P18505,1,6
DB00690,P28472,1,6
DB00690,P47870,1,5
DB00690,P18507,1,5
DB00690,Q8N1C3,1,5
DB00690,Q99928,1,0
DB00690,P28476,1,11
DB00690,O14764,1,0
DB00691,P12821,1,8
DB00691,Q9BYF1,1,8
DB00692,P08913,1,5
DB00692,P35348,1,12
DB00694,P11388,1,13
DB00694,Q02880,1,0
DB00695,P00918,1,2
DB00695,Q13621,1,11
DB00696,P08913,1,5
DB00696,P28223,1,1
DB00696,P23975,1,13
DB00696,P35348,1,12
DB00696,P18089,1,5
DB00696,P35368,1,15
DB00696,P28221,1,10
DB00696,P25100,1,3
DB00696,P14416,1,2
DB00696,P28222,1,13
DB00697,P08913,1,5
DB00697,P18825,1,11
DB00697,P18089,1,5
DB00697,Q9Y2I1,1,13
DB00700,P08235,1,8
DB00703,P00918,1,2
DB00703,P22748,1,11
DB00704,P41143,1,10
DB00704,P41145,1,8
DB00704,P35372,1,11
DB00706,P35348,1,12
DB00706,P35368,1,15
DB00706,P25100,1,3
DB00708,P41143,1,10
DB00708,P41145,1,8
DB00708,P35372,1,11
DB00712,P23219,1,6
DB00712,P35354,1,11
DB00714,P21728,1,10
DB00714,P21918,1,8
DB00714,P08913,1,5
DB00714,P08908,1,10
DB00714,P18825,1,11
DB00714,P21917,1,10
DB00714,P41595,1,13
DB00714,P28223,1,1
DB00714,P28335,1,7
DB00714,P18089,1,5
DB00714,P35462,1,10
DB00714,P28221,1,10
DB00714,Q9NYX4,1,13
DB00714,P14416,1,2
DB00714,P28222,1,13
DB00715,P20309,1,8
DB00715,P11229,1,4
DB00715,P08912,1,2
DB00715,P08173,1,13
DB00715,P28223,1,1
DB00715,P23975,1,13
DB00715,P08172,1,9
DB00715,P31645,1,5
DB00721,Q9Y5Y9,1,11
DB00721,P46098,1,8
DB00721,Q8TCU5,1,6
DB00721,Q01959,1,11
DB00721,Q15822,1,0
DB00724,Q9NYK1,1,0
DB00724,Q9NR97,1,6
DB00727,P16066,1,5
DB00728,P46098,1,8
DB00728,P08172,1,9
DB00728,Q15822,1,0
DB00731,Q09428,1,10
DB00731,P37231,1,8
DB00732,Q15822,1,0
DB00733,P22303,1,8
DB00733,P06276,1,8
DB00734,P21728,1,10
DB00734,P08913,1,5
DB00734,P08908,1,10
DB00734,P18825,1,11
DB00734,P21917,1,10
DB00734,P28223,1,1
DB00734,P35348,1,12
DB00734,P28335,1,7
DB00734,P18089,1,5
DB00734,P35368,1,15
DB00734,P35462,1,10
DB00734,P28221,1,10
DB00734,P14416,1,2
DB00740,Q9UPY5,1,13
DB00740,Q14524,1,13
DB00745,P35368,1,15
DB00745,Q01959,1,11
DB00749,P23219,1,6
DB00749,P35354,1,11
DB00749,P19793,1,5
DB00750,Q14524,1,13
DB00751,P25021,1,12
DB00751,P08913,1,5
DB00751,P28223,1,1
DB00751,P35348,1,12
DB00751,P34969,1,13
DB00753,P62158,1,8
DB00753,P42261,1,8
DB00753,Q09470,1,13
DB00753,P14867,1,14
DB00754,Q14524,1,13
DB00756,P09622,1,10
DB00756,P00367,1,0
DB00756,P09622,1,10
DB00757,P46098,1,8
DB00758,Q9H244,1,10
DB00759,P04156,1,0
DB00762,P11387,1,11
DB00763,P07202,1,0
DB00768,Q99584,1,8
DB00768,P23297,1,8
DB00768,P04271,1,0
DB00768,P80511,1,0
DB00768,P29034,1,13
DB00772,P06276,1,0
DB00773,P11388,1,13
DB00776,Q14524,1,13
DB00780,P80404,1,11
DB00780,Q16853,1,6
DB00780,P27338,1,0
DB00780,P21397,1,6
DB00782,P11229,1,4
DB00783,P03372,1,13
DB00783,Q92731,1,3
DB00783,O75469,1,6
DB00784,P23219,1,6
DB00784,P35354,1,11
DB00788,P23219,1,6
DB00788,P35354,1,11
DB00790,P12821,1,10
DB00794,P48169,1,13
DB00794,P34903,1,6
DB00794,P14867,1,14
DB00794,Q13002,1,0
DB00794,P42262,1,0
DB00794,P43681,1,6
DB00794,P36544,1,4
DB00795,P23219,1,6
DB00795,Q9UPY5,1,13
DB00795,P37231,1,8
DB00795,P09917,1,0
DB00795,P35354,1,11
DB00795,O14920,1,8
DB00795,O15111,1,8
DB00796,P30556,1,10
DB00799,P28702,1,0
DB00799,P13631,1,5
DB00799,P10826,1,5
DB00799,P10276,1,8
DB00800,P21728,1,10
DB00800,P21918,1,8
DB00800,P08913,1,5
DB00800,P18825,1,11
DB00800,P18089,1,5
DB00802,P35372,1,11
DB00804,P11229,1,4
DB00804,P08172,1,9
DB00806,P30542,1,0
DB00806,O76074,1,2
DB00806,Q07343,1,3
DB00806,P29274,1,4
DB00806,P21589,1,11
DB00806,P27815,1,11
DB00808,P15382,1,10
DB00808,P51787,1,3
DB00809,P20309,1,8
DB00809,P11229,1,4
DB00809,P08173,1,13
DB00809,P08172,1,9
DB00810,P11229,1,4
DB00810,Q15822,1,0
DB00811,P49902,1,6
DB00811,P22413,1,11
DB00813,P41143,1,10
DB00813,P41145,1,8
DB00813,P35372,1,11
DB00814,P23219,1,6
DB00814,P35354,1,11
DB00818,Q99250,1,11
DB00818,P35499,1,13
DB00818,P28472,1,6
DB00818,P47870,1,5
DB00819,P00918,1,2
DB00819,P22748,1,11
DB00819,P29972,1,13
DB00819,P07451,1,2
DB00820,O76074,1,2
DB00822,P05091,1,13
DB00822,P09172,1,3
DB00829,P24046,1,0
DB00829,P34903,1,6
DB00829,P30536,1,11
DB00829,P14867,1,14
DB00829,P18505,1,6
DB00829,P28472,1,6
DB00829,P47870,1,5
DB00829,P18507,1,5
DB00829,Q8N1C3,1,5
DB00829,Q99928,1,0
DB00829,P28476,1,11
DB00829,O14764,1,0
DB00831,P62158,1,8
DB00831,P35348,1,12
DB00831,Q9NYX4,1,13
DB00831,P14416,1,2
DB00831,P63316,1,0
DB00831,P26447,1,2
DB00834,P06401,1,5
DB00834,P04150,1,10
DB00835,P20309,1,8
DB00835,P11229,1,4
DB00835,P08912,1,2
DB00835,P08173,1,13
DB00835,P08172,1,9
DB00836,O00555,1,13
DB00836,P62158,1,8
DB00836,P41143,1,10
DB00836,P41145,1,8
DB00836,P35372,1,11
DB00836,P01189,1,11
DB00839,P48048,1,8
DB00841,P08588,1,3
DB00841,P07550,1,10
DB00842,P24046,1,0
DB00842,P48169,1,13
DB00842,P34903,1,6
DB00842,P14867,1,14
DB00842,P18505,1,6
DB00842,P28472,1,6
DB00842,P47870,1,5
DB00842,P18507,1,5
DB00842,Q8N1C3,1,5
DB00842,Q99928,1,0
DB00842,P28476,1,11
DB00842,O14764,1,0
DB00843,P22303,1,8
DB00843,P28223,1,1
DB00844,P41143,1,10
DB00844,P41145,1,8
DB00844,P35372,1,11
DB00850,P21728,1,10
DB00850,P62158,1,8
DB00850,P14416,1,2
DB00851,Q14181,1,0
DB00851,P52209,1,5
DB00860,P04150,1,10
DB00861,P23219,1,6
DB00861,P35354,1,11
DB00862,O76074,1,2
DB00862,P18545,1,8
DB00862,Q13956,1,2
DB00863,P25021,1,12
DB00864,P62942,1,11
DB00868,Q14524,1,13
DB00869,P00918,1,2
DB00869,P22748,1,11
DB00870,P23219,1,6
DB00870,P35354,1,11
DB00871,P07550,1,10
DB00872,P37288,1,6
DB00872,P30518,1,8
DB00876,P30556,1,10
DB00881,P12821,1,8
DB00883,P16066,1,6
DB00887,P55011,1,5
DB00887,Q13621,1,8
DB00887,Q9UP95,1,0
DB00887,P13569,1,11
DB00889,P46098,1,8
DB00896,P04150,1,10
DB00897,P24046,1,0
DB00897,P48169,1,13
DB00897,P34903,1,6
DB00897,P30536,1,11
DB00897,P14867,1,14
DB00897,P18505,1,6
DB00897,P28472,1,6
DB00897,P47870,1,5
DB00897,P18507,1,5
DB00897,Q8N1C3,1,5
DB00897,Q99928,1,0
DB00897,P28476,1,11
DB00897,O14764,1,0
DB00898,P07327,1,10
DB00898,P00326,1,10
DB00898,Q8TCU5,1,6
DB00898,P23416,1,11
DB00898,P14867,1,14
DB00899,P41143,1,10
DB00899,P41145,1,8
DB00899,P35372,1,11
DB00900,P00491,1,5
DB00903,Q13621,1,8
DB00903,P05023,1,13
DB00904,Q13639,1,5
DB00904,P08908,1,10
DB00904,P46098,1,8
DB00904,P35372,1,11
DB00904,P28222,1,13
DB00905,P34995,1,10
DB00905,P42330,1,8
DB00905,P43088,1,8
DB00905,P43115,1,11
DB00906,P30531,1,0
DB00907,P11229,1,4
DB00907,Q9Y5Y9,1,11
DB00907,Q14524,1,13
DB00907,P23975,1,13
DB00907,P08172,1,9
DB00907,Q01959,1,11
DB00907,P31645,1,5
DB00908,Q12809,1,3
DB00908,O00180,1,13
DB00908,Q14524,1,13
DB00909,Q14524,1,13
DB00909,P00918,1,2
DB00909,O43497,1,3
DB00909,P22748,1,11
DB00909,O95180,1,8
DB00909,O43570,1,5
DB00909,Q99250,1,0
DB00909,Q9NY46,1,0
DB00909,P35499,1,13
DB00909,P27338,1,0
DB00909,P21397,1,6
DB00909,Q16790,1,5
DB00909,P07451,1,2
DB00909,P23280,1,11
DB00909,P35219,1,10
DB00909,Q07699,1,0
DB00909,Q9NY72,1,6
DB00909,Q8IWT1,1,13
DB00910,P11473,1,13
DB00912,Q09428,1,10
DB00912,P37231,1,8
DB00915,Q8TCU5,1,6
DB00915,P14416,1,2
DB00918,P28221,1,10
DB00918,P28222,1,13
DB00920,Q07343,1,3
DB00920,P27815,1,11
DB00920,Q08499,1,8
DB00920,P52209,1,5
DB00921,P41143,1,10
DB00921,P41145,1,8
DB00921,P35372,1,11
DB00924,P28223,1,1
DB00925,P08913,1,5
DB00925,P18825,1,11
DB00925,P62158,1,8
DB00925,P35348,1,12
DB00925,P18089,1,5
DB00925,P07550,1,10
DB00927,P25021,1,12
DB00929,P43116,1,3
DB00929,P43115,1,11
DB00933,P28223,1,1
DB00933,P14416,1,2
DB00937,P23975,1,13
DB00937,Q01959,1,11
DB00938,P07550,1,10
DB00949,Q13224,1,8
DB00949,Q8TCU5,1,6
DB00952,P08908,1,10
DB00952,P30939,1,10
DB00952,P28221,1,10
DB00952,P28222,1,13
DB00953,P30939,1,10
DB00953,P28221,1,10
DB00953,P28222,1,13
DB00959,P04150,1,10
DB00960,P08588,1,3
DB00960,P08908,1,10
DB00960,P07550,1,10
DB00960,P28222,1,13
DB00961,Q9Y5Y9,1,11
DB00962,P30536,1,11
DB00962,P14867,1,14
DB00963,P23219,1,6
DB00963,P35354,1,11
DB00964,P08913,1,5
DB00964,P35348,1,12
DB00966,P30556,1,10
DB00966,P37231,1,8
DB00968,P08913,1,5
DB00969,P46098,1,8
DB00973,P15144,1,0
DB00975,O76074,1,2
DB00975,Q9Y233,1,10
DB00975,P27815,1,11
DB00975,P00813,1,5
DB00978,P11388,1,13
DB00979,P11229,1,4
DB00980,P49286,1,10
DB00980,P48039,1,10
DB00981,P22303,1,8
DB00983,P07550,1,10
DB00986,P11229,1,4
DB00988,P21728,1,10
DB00988,P09172,1,11
DB00988,P21918,1,8
DB00988,P21917,1,10
DB00988,P35462,1,10
DB00988,Q01959,1,11
DB00988,P14416,1,2
DB00989,P22303,1,8
DB00989,P06276,1,8
DB00990,P11511,1,3
DB00991,P23219,1,6
DB00991,P35354,1,11
DB00993,P00492,1,5
DB00996,P30542,1,0
DB00996,Q00975,1,5
DB00997,P11388,1,13
DB00998,P28221,1,10
DB00998,P28222,1,13
DB00999,P00918,1,2
DB00999,P55017,1,13
DB00999,P22748,1,11
DB00999,Q12791,1,13
DB00999,O43570,1,5
DB00999,Q16790,1,5
DB01005,P23921,1,10
DB01006,P11511,1,5
DB01009,P23219,1,6
DB01009,P35354,1,11
DB01009,P25024,1,2
DB01011,P15538,1,8
DB01012,P41180,1,11
DB01013,P04150,1,10
DB01014,P23219,1,6
DB01014,P37231,1,8
DB01014,P09917,1,0
DB01014,P35354,1,11
DB01017,P15692,1,11
DB01017,P09917,1,0
DB01017,P29466,1,8
DB01017,P99999,1,13
DB01017,P01584,1,0
DB01017,P42574,1,10
DB01018,P08913,1,5
DB01019,P08172,1,9
DB01023,P62158,1,8
DB01023,Q13936,1,3
DB01023,P08235,1,8
DB01023,O95180,1,8
DB01023,P63316,1,0
DB01023,Q08289,1,5
DB01023,Q13698,1,13
DB01023,Q01668,1,11
DB01023,P54750,1,10
DB01023,P02585,1,5
DB01024,P12268,1,5
DB01029,P30556,1,10
DB01029,P05412,1,8
DB01030,P11387,1,11
DB01032,Q9NSA0,1,6
DB01032,Q4U2R8,1,8
DB01032,Q96RD7,1,10
DB01035,Q14524,1,13
DB01035,P26358,1,8
DB01036,P20309,1,8
DB01036,P11229,1,4
DB01036,P08912,1,2
DB01036,P08173,1,13
DB01036,P08172,1,9
DB01037,P27338,1,0
DB01037,P21397,1,6
DB01039,Q07869,1,11
DB01039,O60882,1,6
DB01039,O60882,1,6
DB01041,P35354,1,11
DB01041,P01375,1,10
DB01041,P21802,1,13
DB01041,P19838,1,5
DB01043,P46098,1,8
DB01043,Q13224,1,8
DB01043,Q8TCU5,1,6
DB01047,P04150,1,10
DB01047,Q99835,1,13
DB01050,P23219,1,6
DB01050,P35354,1,11
DB01059,P11388,1,13
DB01062,P20309,1,8
DB01062,P11229,1,4
DB01062,P08172,1,9
DB01064,P08588,1,3
DB01064,P07550,1,10
DB01064,P28482,1,0
DB01064,P27986,1,11
DB01064,P13945,1,10
DB01064,O00459,1,5
DB01064,Q92569,1,5
DB01067,Q09428,1,10
DB01067,P37231,1,5
DB01068,P24046,1,0
DB01068,P48169,1,13
DB01068,P34903,1,6
DB01068,P30536,1,11
DB01068,P14867,1,14
DB01068,P18505,1,6
DB01068,P28472,1,6
DB01068,P47870,1,5
DB01068,P18507,1,5
DB01068,Q8N1C3,1,5
DB01068,Q99928,1,0
DB01068,P28476,1,11
DB01068,O14764,1,0
DB01069,P20309,1,8
DB01069,P11229,1,4
DB01069,P08912,1,2
DB01069,P08173,1,13
DB01069,P62158,1,8
DB01069,P28223,1,1
DB01069,P35348,1,12
DB01069,P08172,1,9
DB01069,P14416,1,2
DB01073,P23921,1,10
DB01073,P09884,1,1
DB01073,P27707,1,8
DB01076,P04035,1,8
DB01076,P27487,1,6
DB01076,P35869,1,1
DB01079,Q13639,1,5
DB01079,P41595,1,13
DB01079,P28223,1,1
DB01079,P28335,1,7
DB01080,Q9UBS5,1,11
DB01080,P80404,1,8
DB01083,P16233,1,13
DB01083,P49327,1,2
DB01083,P07098,1,0
DB01085,P20309,1,8
DB01085,P11229,1,4
DB01085,P08172,1,9
DB01086,Q9Y5Y9,1,11
DB01087,P16083,1,3
DB01087,P08729,1,8
DB01088,P34995,1,10
DB01088,P43119,1,10
DB01088,Q07343,1,3
DB01088,P00750,1,0
DB01088,P27815,1,11
DB01088,Q08499,1,8
DB01095,P04035,1,8
DB01097,Q14289,1,13
DB01097,P35869,1,1
DB01098,P04035,1,8
DB01100,Q12809,1,3
DB01100,P62158,1,10
DB01100,P35462,1,10
DB01100,P14416,1,2
DB01101,P04818,1,11
DB01104,Q01959,1,11
DB01104,P31645,1,5
DB01105,P23975,1,13
DB01105,Q01959,1,11
DB01105,P31645,1,5
DB01106,O95665,1,13
DB01110,P35228,1,11
DB01110,Q12809,1,3
DB01110,P29474,1,8
DB01110,O15554,1,10
DB01110,Q12791,1,8
DB01110,Q16558,1,13
DB01110,Q9H2S1,1,5
DB01113,Q07343,1,3
DB01113,Q9Y233,1,10
DB01114,P23975,1,13
DB01114,Q01959,1,11
DB01114,P31645,1,5
DB01115,P62158,1,10
DB01115,Q13936,1,3
DB01115,Q09470,1,6
DB01115,O95180,1,5
DB01115,Q08289,1,5
DB01115,Q13698,1,13
DB01115,Q01668,1,11
DB01118,Q12809,1,3
DB01118,P08588,1,3
DB01118,O95180,1,11
DB01119,P00918,1,2
DB01119,P55017,1,13
DB01119,Q12791,1,13
DB01119,Q14654,1,0
DB01119,P05023,1,13
DB01120,P15692,1,5
DB01120,Q09428,1,10
DB01128,P10275,1,3
DB01130,P04150,1,10
DB01132,P37231,1,8
DB01136,Q12809,1,3
DB01136,P15692,1,8
DB01136,P08588,1,3
DB01136,P35348,1,12
DB01136,P07550,1,10
DB01136,P16860,1,8
DB01136,P17302,1,4
DB01136,P19320,1,0
DB01142,P20309,1,8
DB01142,P11229,1,4
DB01142,P25021,1,12
DB01142,P08912,1,2
DB01142,P08913,1,5
DB01142,P08908,1,10
DB01142,P18825,1,11
DB01142,P41595,1,13
DB01142,P08173,1,13
DB01142,P28223,1,1
DB01142,P23975,1,13
DB01142,P35348,1,12
DB01142,P28335,1,7
DB01142,P08172,1,9
DB01142,P18089,1,5
DB01142,P35368,1,15
DB01142,P25100,1,3
DB01142,P31645,1,5
DB01142,P14416,1,2
DB01143,P22413,1,11
DB01143,P10696,1,0
DB01148,P11229,1,4
DB01148,P08172,1,9
DB01149,P08913,1,5
DB01149,P08908,1,10
DB01149,P28223,1,1
DB01149,P23975,1,13
DB01149,P35348,1,12
DB01149,P28335,1,7
DB01149,P35368,1,15
DB01149,Q01959,1,11
DB01149,P31645,1,5
DB01151,P20309,1,8
DB01151,P11229,1,4
DB01151,P08588,1,3
DB01151,P08912,1,2
DB01151,P08173,1,13
DB01151,P28223,1,1
DB01151,P23975,1,13
DB01151,P35348,1,12
DB01151,P08172,1,9
DB01151,P07550,1,10
DB01151,P31645,1,5
DB01151,P17405,1,10
DB01156,P23975,1,13
DB01156,Q01959,1,11
DB01156,P32297,1,0
DB01157,P00374,1,0
DB01158,P05023,1,13
DB01159,O15554,1,10
DB01159,P03886,1,0
DB01159,O60391,1,10
DB01159,Q12791,1,5
DB01159,Q8TCU5,1,6
DB01159,P14867,1,14
DB01159,P48549,1,5
DB01159,P48051,1,13
DB01159,P59768,1,8
DB01159,P08100,1,10
DB01159,O14649,1,8
DB01159,Q9NPC2,1,8
DB01161,Q9Y5Y9,1,11
DB01161,P46098,1,8
DB01161,Q8TCU5,1,6
DB01161,Q01959,1,11
DB01162,Q12809,1,3
DB01162,P35348,1,12
DB01162,P35368,1,15
DB01162,P25100,1,3
DB01165,P11388,1,13
DB01169,P31749,1,11
DB01169,P28482,1,0
DB01169,P24385,1,3
DB01169,P05412,1,8
DB01169,P27361,1,0
DB01169,O14920,1,8
DB01169,Q16881,1,11
DB01173,Q9Y5Y9,1,11
DB01173,Q05586,1,0
DB01173,O15399,1,6
DB01173,P23975,1,13
DB01173,O60391,1,10
DB01173,Q8TCU5,1,6
DB01174,P48169,1,13
DB01174,P34903,1,6
DB01174,P14867,1,14
DB01174,Q13002,1,0
DB01174,P42262,1,0
DB01174,P43681,1,6
DB01174,P36544,1,4
DB01177,P11388,1,13
DB01182,Q12809,1,3
DB01182,Q14524,1,13
DB01183,P03372,1,13
DB01183,P41143,1,10
DB01183,P41145,1,8
DB01183,P35372,1,11
DB01183,P16220,1,10
DB01184,P35462,1,10
DB01184,P14416,1,2
DB01185,P03372,1,13
DB01185,P10275,1,3
DB01185,P16471,1,8
DB01185,P04150,1,10
DB01186,P21728,1,10
DB01186,P21918,1,8
DB01186,P08913,1,5
DB01186,P08908,1,10
DB01186,P18825,1,11
DB01186,P21917,1,10
DB01186,P41595,1,13
DB01186,P28223,1,1
DB01186,P35348,1,12
DB01186,P28335,1,7
DB01186,P18089,1,5
DB01186,P35368,1,15
DB01186,P35462,1,10
DB01186,P28221,1,10
DB01186,P25100,1,3
DB01186,P14416,1,2
DB01186,P28222,1,13
DB01189,P03886,1,8
DB01189,P42261,1,8
DB01189,Q09470,1,6
DB01189,P14867,1,14
DB01193,P08588,1,3
DB01193,P07550,1,10
DB01194,P00918,1,2
DB01194,P22748,1,3
DB01195,Q14524,1,13
DB01195,P35499,1,13
DB01196,P03372,1,13
DB01196,Q92731,1,3
DB01196,P11137,1,6
DB01196,P78559,1,5
DB01198,P34903,1,6
DB01198,P30536,1,11
DB01198,P14867,1,14
DB01200,P21728,1,10
DB01200,P21918,1,8
DB01200,P08913,1,5
DB01200,P08908,1,10
DB01200,P18825,1,11
DB01200,P21917,1,10
DB01200,P41595,1,13
DB01200,P28223,1,1
DB01200,P35348,1,12
DB01200,P28335,1,7
DB01200,P18089,1,5
DB01200,P35368,1,15
DB01200,P35462,1,10
DB01200,P34969,1,13
DB01200,P28221,1,10
DB01200,P25100,1,3
DB01200,P14416,1,2
DB01200,P28222,1,13
DB01203,P08588,1,3
DB01203,P07550,1,10
DB01204,P11388,1,13
DB01205,P14867,1,14
DB01205,P18507,1,5
DB01206,Q9H169,1,13
DB01210,P08588,1,3
DB01210,P07550,1,10
DB01214,P08588,1,3
DB01214,P07550,1,10
DB01215,P24046,1,0
DB01215,P34903,1,6
DB01215,P14867,1,14
DB01215,P18505,1,6
DB01215,P28472,1,6
DB01215,P47870,1,5
DB01215,P18507,1,5
DB01215,Q8N1C3,1,5
DB01215,Q99928,1,0
DB01215,P28476,1,11
DB01215,O14764,1,0
DB01217,P11511,1,5
DB01218,Q12809,1,3
DB01219,P21817,1,13
DB01220,O75469,1,6
DB01221,P25103,1,10
DB01221,Q8TCU5,1,6
DB01221,P14416,1,2
DB01222,P04150,1,10
DB01223,P30542,1,0
DB01224,P21728,1,10
DB01224,P20309,1,8
DB01224,P11229,1,4
DB01224,P21918,1,8
DB01224,P08912,1,2
DB01224,P08913,1,5
DB01224,P08908,1,10
DB01224,P46098,1,8
DB01224,P18825,1,11
DB01224,P21917,1,10
DB01224,P08173,1,13
DB01224,P28223,1,1
DB01224,P35348,1,12
DB01224,P28335,1,7
DB01224,P08172,1,9
DB01224,P18089,1,5
DB01224,P35368,1,15
DB01224,P35462,1,10
DB01224,P34969,1,13
DB01224,P28221,1,10
DB01224,P25100,1,3
DB01224,P14416,1,2
DB01224,P28222,1,13
DB01224,P50406,1,12
DB01226,P20309,1,8
DB01226,P08172,1,9
DB01226,Q15822,1,0
DB01226,P06276,1,8
DB01229,Q9H4B7,1,10
DB01229,P10415,1,5
DB01233,Q13639,1,5
DB01233,P11229,1,4
DB01233,P14416,1,2
DB01234,P35228,1,11
DB01234,P51843,1,8
DB01234,P04083,1,10
DB01234,P04150,1,10
DB01236,P03886,1,8
DB01236,P42261,1,8
DB01236,Q09470,1,6
DB01236,P14867,1,14
DB01238,P21728,1,10
DB01238,P20309,1,8
DB01238,P11229,1,4
DB01238,P21918,1,8
DB01238,P08912,1,2
DB01238,P08913,1,5
DB01238,P08908,1,10
DB01238,P46098,1,8
DB01238,P18825,1,11
DB01238,P21917,1,10
DB01238,P08173,1,13
DB01238,P28223,1,1
DB01238,P35348,1,12
DB01238,P28335,1,7
DB01238,P08172,1,9
DB01238,P18089,1,5
DB01238,P35368,1,15
DB01238,P35462,1,10
DB01238,P34969,1,13
DB01238,P28221,1,10
DB01238,P14416,1,2
DB01238,P28222,1,13
DB01238,P50406,1,10
DB01241,Q07869,1,11
DB01242,P41595,1,13
DB01242,P28223,1,1
DB01242,P23975,1,13
DB01242,P28335,1,7
DB01242,P31645,1,5
DB01242,P09211,1,0
DB01247,P27338,1,0
DB01247,P21397,1,6
DB01248,Q9H4B7,1,10
DB01248,P10415,1,5
DB01250,P01579,1,8
DB01254,P00519,1,0
DB01254,P09619,1,8
DB01254,P42684,1,0
DB01254,P10721,1,10
DB01254,P12931,1,5
DB01254,P06241,1,1
DB01254,P07947,1,13
DB01254,P29317,1,11
DB01254,P06239,1,5
DB01254,P51692,1,3
DB01258,P00797,1,15
DB01260,P04150,1,10
DB01261,P27487,1,0
DB01268,P35916,1,0
DB01268,P17948,1,0
DB01268,P36888,1,5
DB01268,P09619,1,8
DB01268,P35968,1,0
DB01268,P10721,1,0
DB01268,P16234,1,0
DB01268,P07333,1,0
DB01273,P43681,1,6
DB01273,P36544,1,4
DB01273,P32297,1,0
DB01275,Q16853,1,6
DB01280,P09884,1,1
DB01291,P08588,1,3
DB01291,P07550,1,10
DB01320,Q14524,1,13
DB01324,P55017,1,13
DB01327,P27169,1,11
DB01337,P20309,1,8
DB01337,P08172,1,9
DB01337,Q15822,1,0
DB01340,P12821,1,10
DB01356,P42263,1,5
DB01356,O14732,1,13
DB01356,P49841,1,8
DB01356,P29218,1,2
DB01364,Q05940,1,5
DB01364,P22303,1,8
DB01364,P23975,1,13
DB01364,P35348,1,12
DB01367,P10415,1,5
DB01367,P27338,1,0
DB01378,P05023,1,13
DB01393,Q07869,1,11
DB01393,P37231,1,8
DB01393,Q03181,1,3
DB01394,Q9H4B7,1,10
DB01394,P07437,1,10
DB01400,P22303,1,8
DB01406,P03372,1,13
DB01406,P10275,1,3
DB01406,P30968,1,8
DB01406,P06401,1,5
DB01406,P13500,1,0
DB01409,P20309,1,8
DB01409,P11229,1,4
DB01409,P08172,1,9
DB01410,P04150,1,10
DB01427,Q07343,1,3
DB01427,P01375,1,10
DB01558,P24046,1,0
DB01558,P48169,1,13
DB01558,P34903,1,6
DB01558,P14867,1,14
DB01558,P18505,1,6
DB01558,P28472,1,6
DB01558,P47870,1,5
DB01558,P18507,1,5
DB01558,Q8N1C3,1,5
DB01558,Q99928,1,0
DB01558,P28476,1,11
DB01558,O14764,1,0
DB01577,Q05940,1,5
DB01577,P08913,1,5
DB01577,P18825,1,11
DB01577,P23975,1,13
DB01577,P18089,1,5
DB01577,Q01959,1,11
DB01577,P31645,1,5
DB01577,P27338,1,0
DB01577,P21397,1,6
DB01591,P20309,1,8
DB01591,P11229,1,4
DB01591,P08912,1,2
DB01591,P08173,1,13
DB01591,P08172,1,9
DB01595,P24046,1,0
DB01595,P48169,1,13
DB01595,P34903,1,6
DB01595,P14867,1,14
DB01595,P18505,1,6
DB01595,P28472,1,6
DB01595,P47870,1,5
DB01595,P18507,1,5
DB01595,Q8N1C3,1,5
DB01595,Q99928,1,0
DB01595,P28476,1,11
DB01595,O14764,1,0
DB01611,Q9NYK1,1,0
DB01611,Q9NR96,1,5
DB01612,P16066,1,6
DB01618,P11229,1,4
DB01618,P08908,1,10
DB01618,P28223,1,1
DB01618,P14416,1,2
DB01623,P21728,1,10
DB01623,P28223,1,1
DB01623,P14416,1,2
DB01656,Q07343,1,3
DB01656,P27815,1,11
DB01656,Q08499,1,8
DB04839,P10275,1,3
DB04844,Q05940,1,5
DB04845,Q13509,1,10
DB04861,P08588,1,3
DB04861,P07550,1,10
DB04896,Q05586,1,0
DB04896,P23975,1,13
DB04896,P31645,1,5
DB05246,O43497,1,3
DB06201,P41594,1,3
DB06204,P46098,1,8
DB06204,P41143,1,10
DB06204,P23975,1,13
DB06204,P41145,1,8
DB06204,P31645,1,5
DB06204,P35372,1,11
DB06209,Q9H244,1,10
DB06212,P37288,1,8
DB06212,P30518,1,8
DB06216,P21728,1,10
DB06216,P25021,1,12
DB06216,P08588,1,3
DB06216,P08913,1,5
DB06216,P08908,1,10
DB06216,P18825,1,11
DB06216,P21917,1,10
DB06216,P41595,1,13
DB06216,P28223,1,1
DB06216,P35348,1,12
DB06216,P28335,1,7
DB06216,P18089,1,5
DB06216,P35462,1,10
DB06216,P34969,1,13
DB06216,P07550,1,10
DB06216,P14416,1,2
DB06216,P28222,1,13
DB06216,P50406,1,12
DB06228,P00742,1,6
DB06274,P41143,1,10
DB06274,P41145,1,8
DB06274,P35372,1,11
DB06287,P42345,1,6
DB06335,P27487,1,6
DB06695,P00734,1,3
DB06710,P10275,1,3
DB06711,P08913,1,5
DB06711,P35348,1,12
DB06800,P41145,1,8
DB06800,P35372,1,11
DB08860,P04035,1,8
