drug_id,target_id,interaction
e_D1,T1,1
e_D1,T22,1
e_D1,T25,1
e_D1,T29,1
e_D1,T35,1
e_D1,T36,1
e_D1,T41,1
e_D1,T44,1
e_D1,T46,1
e_D1,T51,1
e_D1,T52,1
e_D1,T53,1
e_D1,T55,1
e_D1,T60,1
e_D1,T120,1
e_D1,T140,1
e_D1,T142,1
e_D1,T168,1
e_D1,T171,1
e_D1,T220,1
e_D1,T223,1
e_D1,T234,1
e_D1,T250,1
e_D1,T259,1
e_D1,T260,1
e_D1,T278,1
e_D1,T279,1
e_D1,T285,1
e_D1,T293,1
e_D1,T312,1
e_D1,T313,1
e_D1,T328,1
e_D1,T330,1
e_D1,T491,1
e_D1,T530,1
e_D1,T549,1
e_D1,T559,1
e_D2,T112,1
e_D2,T121,1
e_D2,T128,1
e_D2,T179,1
e_D2,T201,1
e_D2,T227,1
e_D2,T232,1
e_D2,T250,1
e_D2,T282,1
e_D2,T286,1
e_D2,T297,1
e_D2,T325,1
e_D2,T349,1
e_D2,T601,1
e_D3,T234,1
e_D3,T268,1
e_D4,T250,1
e_D4,T251,1
e_D5,T366,1
e_D5,T437,1
e_D6,T3,1
e_D6,T21,1
e_D6,T176,1
e_D6,T374,1
e_D6,T570,1
e_D6,T576,1
e_D7,T128,1
e_D7,T268,1
e_D8,T268,1
e_D8,T270,1
e_D8,T272,1
e_D8,T375,1
e_D8,T377,1
e_D8,T378,1
e_D8,T515,1
e_D8,T544,1
e_D8,T568,1
e_D9,T261,1
e_D9,T262,1
e_D9,T265,1
e_D10,T158,1
e_D10,T253,1
e_D10,T509,1
e_D10,T525,1
e_D11,T567,1
e_D12,T2,1
e_D12,T66,1
e_D12,T73,1
e_D12,T195,1
e_D12,T329,1
e_D12,T333,1
e_D12,T364,1
e_D12,T542,1
e_D12,T597,1
e_D12,T641,1
e_D12,T664,1
e_D13,T112,1
e_D13,T221,1
e_D14,T15,1
e_D14,T232,1
e_D14,T336,1
e_D14,T377,1
e_D14,T378,1
e_D14,T517,1
e_D14,T529,1
e_D15,T377,1
e_D15,T378,1
e_D15,T569,1
e_D16,T14,1
e_D16,T24,1
e_D16,T37,1
e_D16,T49,1
e_D16,T50,1
e_D16,T117,1
e_D16,T127,1
e_D16,T162,1
e_D16,T165,1
e_D16,T166,1
e_D16,T167,1
e_D16,T169,1
e_D16,T170,1
e_D16,T205,1
e_D16,T206,1
e_D16,T249,1
e_D16,T257,1
e_D16,T258,1
e_D16,T274,1
e_D16,T288,1
e_D16,T306,1
e_D16,T307,1
e_D16,T308,1
e_D16,T334,1
e_D16,T353,1
e_D16,T367,1
e_D16,T387,1
e_D16,T389,1
e_D16,T415,1
e_D16,T426,1
e_D16,T427,1
e_D16,T436,1
e_D16,T445,1
e_D16,T446,1
e_D16,T461,1
e_D16,T465,1
e_D16,T485,1
e_D16,T486,1
e_D16,T510,1
e_D16,T511,1
e_D16,T512,1
e_D16,T513,1
e_D16,T514,1
e_D16,T532,1
e_D16,T541,1
e_D16,T546,1
e_D16,T565,1
e_D16,T586,1
e_D16,T621,1
e_D16,T650,1
e_D16,T656,1
e_D17,T22,1
e_D18,T207,1
e_D18,T350,1
e_D19,T478,1
e_D19,T547,1
e_D20,T67,1
e_D20,T283,1
e_D20,T335,1
e_D21,T351,1
e_D22,T119,1
e_D23,T15,1
e_D23,T280,1
e_D23,T290,1
e_D23,T304,1
e_D23,T377,1
e_D23,T378,1
e_D23,T529,1
e_D23,T531,1
e_D24,T208,1
e_D24,T642,1
e_D25,T413,1
e_D26,T168,1
e_D26,T643,1
e_D27,T211,1
e_D27,T212,1
e_D27,T213,1
e_D27,T214,1
e_D27,T215,1
e_D27,T289,1
e_D27,T319,1
e_D27,T320,1
e_D27,T337,1
e_D27,T519,1
e_D27,T622,1
e_D28,T385,1
e_D28,T419,1
e_D28,T421,1
e_D28,T439,1
e_D28,T470,1
e_D28,T653,1
e_D29,T17,1
e_D29,T34,1
e_D29,T38,1
e_D29,T40,1
e_D29,T56,1
e_D29,T63,1
e_D29,T65,1
e_D29,T71,1
e_D29,T77,1
e_D29,T129,1
e_D29,T130,1
e_D29,T131,1
e_D29,T132,1
e_D29,T133,1
e_D29,T134,1
e_D29,T135,1
e_D29,T136,1
e_D29,T137,1
e_D29,T190,1
e_D29,T193,1
e_D29,T199,1
e_D29,T240,1
e_D29,T310,1
e_D29,T386,1
e_D29,T414,1
e_D29,T438,1
e_D29,T459,1
e_D29,T460,1
e_D29,T462,1
e_D29,T463,1
e_D29,T464,1
e_D29,T466,1
e_D29,T467,1
e_D29,T468,1
e_D29,T469,1
e_D29,T471,1
e_D29,T472,1
e_D29,T473,1
e_D29,T474,1
e_D29,T475,1
e_D29,T476,1
e_D29,T477,1
e_D29,T479,1
e_D29,T480,1
e_D29,T482,1
e_D29,T483,1
e_D29,T524,1
e_D29,T543,1
e_D29,T616,1
e_D29,T619,1
e_D29,T626,1
e_D29,T636,1
e_D29,T637,1
e_D29,T638,1
e_D29,T651,1
e_D29,T661,1
e_D30,T519,1
e_D30,T520,1
e_D31,T211,1
e_D31,T212,1
e_D31,T213,1
e_D31,T214,1
e_D31,T215,1
e_D31,T320,1
e_D31,T519,1
e_D31,T520,1
e_D32,T202,1
e_D32,T289,1
e_D32,T519,1
e_D32,T520,1
e_D33,T581,1
e_D33,T582,1
e_D34,T91,1
e_D34,T211,1
e_D34,T212,1
e_D34,T213,1
e_D34,T309,1
e_D34,T320,1
e_D34,T519,1
e_D34,T520,1
e_D35,T519,1
e_D35,T520,1
e_D36,T110,1
e_D37,T519,1
e_D37,T520,1
e_D38,T94,1
e_D38,T113,1
e_D38,T168,1
e_D38,T171,1
e_D38,T172,1
e_D38,T175,1
e_D38,T178,1
e_D38,T181,1
e_D38,T338,1
e_D38,T365,1
e_D39,T211,1
e_D39,T212,1
e_D39,T213,1
e_D39,T214,1
e_D39,T215,1
e_D39,T309,1
e_D39,T320,1
e_D39,T519,1
e_D39,T520,1
e_D40,T16,1
e_D40,T97,1
e_D40,T116,1
e_D40,T195,1
e_D40,T384,1
e_D40,T516,1
e_D41,T28,1
e_D41,T82,1
e_D41,T83,1
e_D41,T84,1
e_D41,T85,1
e_D41,T86,1
e_D41,T87,1
e_D41,T88,1
e_D41,T89,1
e_D41,T90,1
e_D41,T91,1
e_D41,T92,1
e_D41,T93,1
e_D41,T94,1
e_D41,T95,1
e_D41,T96,1
e_D41,T97,1
e_D41,T98,1
e_D41,T99,1
e_D41,T100,1
e_D41,T101,1
e_D41,T102,1
e_D41,T103,1
e_D41,T104,1
e_D41,T105,1
e_D41,T106,1
e_D41,T107,1
e_D41,T108,1
e_D41,T109,1
e_D41,T110,1
e_D41,T111,1
e_D41,T146,1
e_D41,T224,1
e_D41,T241,1
e_D41,T252,1
e_D41,T321,1
e_D41,T380,1
e_D41,T392,1
e_D41,T518,1
e_D41,T550,1
e_D41,T635,1
e_D41,T647,1
e_D41,T657,1
e_D42,T211,1
e_D42,T212,1
e_D42,T213,1
e_D42,T214,1
e_D42,T215,1
e_D42,T320,1
e_D42,T519,1
e_D42,T520,1
e_D43,T118,1
e_D44,T118,1
e_D45,T229,1
e_D46,T519,1
e_D46,T520,1
e_D47,T107,1
e_D48,T2,1
e_D49,T519,1
e_D49,T520,1
e_D50,T14,1
e_D50,T24,1
e_D50,T37,1
e_D50,T42,1
e_D50,T50,1
e_D50,T78,1
e_D50,T117,1
e_D50,T144,1
e_D50,T145,1
e_D50,T165,1
e_D50,T166,1
e_D50,T167,1
e_D50,T169,1
e_D50,T170,1
e_D50,T205,1
e_D50,T206,1
e_D50,T249,1
e_D50,T257,1
e_D50,T258,1
e_D50,T288,1
e_D50,T306,1
e_D50,T307,1
e_D50,T308,1
e_D50,T353,1
e_D50,T367,1
e_D50,T387,1
e_D50,T389,1
e_D50,T426,1
e_D50,T427,1
e_D50,T436,1
e_D50,T486,1
e_D50,T510,1
e_D50,T511,1
e_D50,T512,1
e_D50,T513,1
e_D50,T514,1
e_D50,T541,1
e_D50,T546,1
e_D50,T565,1
e_D50,T586,1
e_D50,T621,1
e_D50,T656,1
e_D51,T444,1
e_D52,T519,1
e_D52,T520,1
e_D53,T581,1
e_D53,T582,1
e_D54,T17,1
e_D54,T34,1
e_D54,T38,1
e_D54,T40,1
e_D54,T56,1
e_D54,T63,1
e_D54,T65,1
e_D54,T71,1
e_D54,T77,1
e_D54,T129,1
e_D54,T130,1
e_D54,T131,1
e_D54,T132,1
e_D54,T133,1
e_D54,T134,1
e_D54,T135,1
e_D54,T136,1
e_D54,T137,1
e_D54,T190,1
e_D54,T193,1
e_D54,T199,1
e_D54,T240,1
e_D54,T386,1
e_D54,T459,1
e_D54,T460,1
e_D54,T466,1
e_D54,T467,1
e_D54,T468,1
e_D54,T469,1
e_D54,T471,1
e_D54,T472,1
e_D54,T473,1
e_D54,T474,1
e_D54,T475,1
e_D54,T476,1
e_D54,T477,1
e_D54,T479,1
e_D54,T480,1
e_D54,T482,1
e_D54,T483,1
e_D54,T524,1
e_D54,T543,1
e_D54,T616,1
e_D54,T619,1
e_D54,T626,1
e_D54,T637,1
e_D54,T638,1
e_D54,T651,1
e_D54,T661,1
e_D55,T379,1
e_D56,T581,1
e_D56,T582,1
e_D57,T110,1
e_D58,T109,1
e_D59,T334,1
e_D59,T532,1
e_D60,T115,1
e_D61,T237,1
e_D62,T121,1
e_D62,T447,1
e_D63,T218,1
e_D63,T222,1
e_D63,T236,1
e_D63,T645,1
e_D64,T19,1
e_D64,T32,1
e_D64,T81,1
e_D64,T82,1
e_D64,T93,1
e_D64,T94,1
e_D64,T122,1
e_D64,T123,1
e_D64,T124,1
e_D64,T221,1
e_D64,T319,1
e_D64,T337,1
e_D64,T373,1
e_D64,T519,1
e_D64,T520,1
e_D64,T566,1
e_D64,T622,1
e_D65,T39,1
e_D65,T209,1
e_D65,T302,1
e_D65,T604,1
e_D65,T605,1
e_D65,T606,1
e_D65,T607,1
e_D65,T608,1
e_D65,T609,1
e_D65,T610,1
e_D65,T611,1
e_D65,T612,1
e_D65,T613,1
e_D66,T384,1
e_D67,T237,1
e_D67,T256,1
e_D68,T601,1
e_D69,T28,1
e_D69,T81,1
e_D69,T82,1
e_D69,T83,1
e_D69,T84,1
e_D69,T85,1
e_D69,T86,1
e_D69,T87,1
e_D69,T88,1
e_D69,T89,1
e_D69,T90,1
e_D69,T91,1
e_D69,T92,1
e_D69,T93,1
e_D69,T94,1
e_D69,T95,1
e_D69,T96,1
e_D69,T97,1
e_D69,T98,1
e_D69,T99,1
e_D69,T100,1
e_D69,T101,1
e_D69,T102,1
e_D69,T103,1
e_D69,T104,1
e_D69,T105,1
e_D69,T106,1
e_D69,T107,1
e_D69,T108,1
e_D69,T109,1
e_D69,T110,1
e_D69,T111,1
e_D69,T146,1
e_D69,T224,1
e_D69,T241,1
e_D69,T252,1
e_D69,T321,1
e_D69,T380,1
e_D69,T392,1
e_D69,T518,1
e_D69,T550,1
e_D69,T635,1
e_D69,T647,1
e_D69,T657,1
e_D70,T27,1
e_D70,T233,1
e_D70,T376,1
e_D70,T393,1
e_D70,T395,1
e_D70,T396,1
e_D70,T397,1
e_D70,T398,1
e_D70,T399,1
e_D70,T400,1
e_D70,T401,1
e_D70,T404,1
e_D70,T405,1
e_D70,T406,1
e_D70,T407,1
e_D70,T408,1
e_D70,T409,1
e_D70,T640,1
e_D70,T641,1
e_D71,T27,1
e_D71,T233,1
e_D71,T376,1
e_D71,T393,1
e_D71,T395,1
e_D71,T396,1
e_D71,T397,1
e_D71,T398,1
e_D71,T399,1
e_D71,T400,1
e_D71,T401,1
e_D71,T404,1
e_D71,T405,1
e_D71,T406,1
e_D71,T407,1
e_D71,T408,1
e_D71,T409,1
e_D71,T640,1
e_D71,T641,1
e_D72,T93,1
e_D72,T97,1
e_D73,T115,1
e_D74,T90,1
e_D74,T97,1
e_D75,T164,1
e_D75,T317,1
e_D75,T324,1
e_D75,T325,1
e_D75,T627,1
e_D75,T631,1
e_D76,T93,1
e_D76,T97,1
e_D77,T13,1
e_D77,T318,1
e_D78,T82,1
e_D78,T89,1
e_D78,T93,1
e_D78,T97,1
e_D78,T191,1
e_D79,T118,1
e_D80,T89,1
e_D80,T97,1
e_D80,T309,1
e_D80,T379,1
e_D81,T604,1
e_D81,T605,1
e_D81,T607,1
e_D82,T348,1
e_D83,T93,1
e_D84,T519,1
e_D84,T520,1
e_D85,T237,1
e_D85,T256,1
e_D86,T89,1
e_D86,T91,1
e_D87,T424,1
e_D88,T424,1
e_D89,T424,1
e_D90,T519,1
e_D90,T520,1
e_D91,T125,1
e_D91,T228,1
e_D91,T238,1
e_D91,T255,1
e_D91,T361,1
e_D91,T379,1
e_D91,T382,1
e_D91,T529,1
e_D91,T531,1
e_D91,T551,1
e_D91,T552,1
e_D91,T570,1
e_D91,T632,1
e_D91,T663,1
e_D92,T256,1
e_D93,T39,1
e_D93,T209,1
e_D93,T302,1
e_D93,T604,1
e_D93,T605,1
e_D93,T606,1
e_D93,T607,1
e_D93,T608,1
e_D93,T609,1
e_D93,T610,1
e_D93,T611,1
e_D93,T612,1
e_D93,T613,1
e_D94,T256,1
e_D95,T271,1
e_D96,T115,1
e_D97,T97,1
e_D98,T138,1
e_D99,T27,1
e_D99,T233,1
e_D99,T376,1
e_D99,T393,1
e_D99,T395,1
e_D99,T396,1
e_D99,T397,1
e_D99,T398,1
e_D99,T399,1
e_D99,T400,1
e_D99,T401,1
e_D99,T404,1
e_D99,T405,1
e_D99,T406,1
e_D99,T407,1
e_D99,T408,1
e_D99,T409,1
e_D99,T640,1
e_D99,T641,1
e_D100,T212,1
e_D100,T519,1
e_D100,T520,1
e_D100,T584,1
e_D101,T28,1
e_D101,T81,1
e_D101,T82,1
e_D101,T83,1
e_D101,T84,1
e_D101,T85,1
e_D101,T86,1
e_D101,T87,1
e_D101,T88,1
e_D101,T89,1
e_D101,T90,1
e_D101,T91,1
e_D101,T92,1
e_D101,T93,1
e_D101,T94,1
e_D101,T95,1
e_D101,T96,1
e_D101,T97,1
e_D101,T98,1
e_D101,T99,1
e_D101,T100,1
e_D101,T101,1
e_D101,T102,1
e_D101,T103,1
e_D101,T104,1
e_D101,T105,1
e_D101,T106,1
e_D101,T107,1
e_D101,T108,1
e_D101,T109,1
e_D101,T110,1
e_D101,T111,1
e_D101,T146,1
e_D101,T224,1
e_D101,T241,1
e_D101,T252,1
e_D101,T321,1
e_D101,T380,1
e_D101,T392,1
e_D101,T518,1
e_D101,T550,1
e_D101,T635,1
e_D101,T647,1
e_D101,T657,1
e_D102,T115,1
e_D103,T97,1
e_D104,T256,1
e_D105,T28,1
e_D105,T81,1
e_D105,T82,1
e_D105,T83,1
e_D105,T84,1
e_D105,T85,1
e_D105,T86,1
e_D105,T87,1
e_D105,T88,1
e_D105,T89,1
e_D105,T90,1
e_D105,T91,1
e_D105,T92,1
e_D105,T93,1
e_D105,T94,1
e_D105,T95,1
e_D105,T96,1
e_D105,T97,1
e_D105,T98,1
e_D105,T99,1
e_D105,T100,1
e_D105,T101,1
e_D105,T102,1
e_D105,T103,1
e_D105,T104,1
e_D105,T105,1
e_D105,T106,1
e_D105,T107,1
e_D105,T108,1
e_D105,T109,1
e_D105,T110,1
e_D105,T111,1
e_D105,T146,1
e_D105,T224,1
e_D105,T241,1
e_D105,T252,1
e_D105,T321,1
e_D105,T380,1
e_D105,T392,1
e_D105,T518,1
e_D105,T550,1
e_D105,T635,1
e_D105,T647,1
e_D105,T657,1
e_D106,T256,1
e_D107,T122,1
e_D107,T123,1
e_D107,T124,1
e_D107,T201,1
e_D107,T202,1
e_D107,T337,1
e_D107,T585,1
e_D107,T600,1
e_D108,T28,1
e_D108,T82,1
e_D108,T83,1
e_D108,T84,1
e_D108,T85,1
e_D108,T86,1
e_D108,T87,1
e_D108,T88,1
e_D108,T89,1
e_D108,T90,1
e_D108,T91,1
e_D108,T92,1
e_D108,T93,1
e_D108,T94,1
e_D108,T95,1
e_D108,T96,1
e_D108,T97,1
e_D108,T98,1
e_D108,T99,1
e_D108,T100,1
e_D108,T101,1
e_D108,T102,1
e_D108,T104,1
e_D108,T106,1
e_D108,T107,1
e_D108,T108,1
e_D108,T109,1
e_D108,T110,1
e_D108,T111,1
e_D108,T146,1
e_D108,T224,1
e_D108,T241,1
e_D108,T252,1
e_D108,T276,1
e_D108,T277,1
e_D108,T321,1
e_D108,T380,1
e_D108,T384,1
e_D108,T392,1
e_D108,T518,1
e_D108,T550,1
e_D108,T635,1
e_D108,T647,1
e_D108,T657,1
e_D109,T212,1
e_D110,T89,1
e_D110,T91,1
e_D111,T27,1
e_D111,T31,1
e_D111,T54,1
e_D111,T64,1
e_D111,T198,1
e_D111,T233,1
e_D111,T239,1
e_D111,T264,1
e_D111,T281,1
e_D111,T376,1
e_D111,T381,1
e_D111,T383,1
e_D111,T393,1
e_D111,T395,1
e_D111,T396,1
e_D111,T397,1
e_D111,T398,1
e_D111,T399,1
e_D111,T400,1
e_D111,T401,1
e_D111,T402,1
e_D111,T403,1
e_D111,T404,1
e_D111,T405,1
e_D111,T406,1
e_D111,T407,1
e_D111,T408,1
e_D111,T409,1
e_D111,T411,1
e_D111,T415,1
e_D111,T416,1
e_D111,T417,1
e_D111,T428,1
e_D111,T429,1
e_D111,T430,1
e_D111,T431,1
e_D111,T432,1
e_D111,T433,1
e_D111,T434,1
e_D111,T435,1
e_D111,T487,1
e_D111,T489,1
e_D111,T556,1
e_D111,T557,1
e_D111,T633,1
e_D111,T640,1
e_D111,T641,1
e_D112,T566,1
e_D113,T115,1
e_D114,T62,1
e_D114,T192,1
e_D114,T292,1
e_D114,T415,1
e_D115,T519,1
e_D115,T520,1
e_D116,T97,1
e_D116,T271,1
e_D117,T28,1
e_D117,T81,1
e_D117,T82,1
e_D117,T83,1
e_D117,T84,1
e_D117,T85,1
e_D117,T86,1
e_D117,T87,1
e_D117,T88,1
e_D117,T89,1
e_D117,T90,1
e_D117,T92,1
e_D117,T93,1
e_D117,T94,1
e_D117,T95,1
e_D117,T96,1
e_D117,T97,1
e_D117,T98,1
e_D117,T99,1
e_D117,T100,1
e_D117,T101,1
e_D117,T102,1
e_D117,T103,1
e_D117,T104,1
e_D117,T106,1
e_D117,T107,1
e_D117,T108,1
e_D117,T109,1
e_D117,T110,1
e_D117,T111,1
e_D117,T146,1
e_D117,T224,1
e_D117,T241,1
e_D117,T252,1
e_D117,T321,1
e_D117,T380,1
e_D117,T392,1
e_D117,T518,1
e_D117,T550,1
e_D117,T635,1
e_D117,T647,1
e_D117,T657,1
e_D118,T1,1
e_D118,T45,1
e_D118,T211,1
e_D118,T212,1
e_D118,T213,1
e_D118,T214,1
e_D118,T215,1
e_D118,T289,1
e_D118,T304,1
e_D118,T320,1
e_D118,T660,1
e_D119,T520,1
e_D120,T191,1
e_D121,T519,1
e_D121,T520,1
e_D122,T82,1
e_D122,T93,1
e_D123,T362,1
e_D124,T115,1
e_D125,T519,1
e_D125,T520,1
e_D126,T361,1
e_D127,T334,1
e_D128,T118,1
e_D129,T164,1
e_D130,T623,1
e_D131,T27,1
e_D131,T31,1
e_D131,T54,1
e_D131,T64,1
e_D131,T192,1
e_D131,T198,1
e_D131,T233,1
e_D131,T239,1
e_D131,T264,1
e_D131,T267,1
e_D131,T281,1
e_D131,T291,1
e_D131,T354,1
e_D131,T381,1
e_D131,T383,1
e_D131,T388,1
e_D131,T393,1
e_D131,T395,1
e_D131,T396,1
e_D131,T397,1
e_D131,T398,1
e_D131,T399,1
e_D131,T400,1
e_D131,T401,1
e_D131,T402,1
e_D131,T403,1
e_D131,T404,1
e_D131,T405,1
e_D131,T406,1
e_D131,T408,1
e_D131,T409,1
e_D131,T411,1
e_D131,T415,1
e_D131,T416,1
e_D131,T417,1
e_D131,T428,1
e_D131,T429,1
e_D131,T430,1
e_D131,T431,1
e_D131,T432,1
e_D131,T433,1
e_D131,T434,1
e_D131,T435,1
e_D131,T487,1
e_D131,T489,1
e_D131,T523,1
e_D131,T556,1
e_D131,T557,1
e_D131,T630,1
e_D131,T633,1
e_D131,T640,1
e_D131,T641,1
e_D132,T93,1
e_D132,T97,1
e_D133,T324,1
e_D133,T325,1
e_D134,T211,1
e_D134,T212,1
e_D134,T213,1
e_D134,T214,1
e_D134,T215,1
e_D134,T309,1
e_D134,T320,1
e_D134,T518,1
e_D134,T519,1
e_D134,T520,1
e_D135,T89,1
e_D135,T91,1
e_D136,T191,1
e_D137,T352,1
e_D138,T352,1
e_D139,T39,1
e_D139,T209,1
e_D139,T302,1
e_D139,T604,1
e_D139,T605,1
e_D139,T606,1
e_D139,T607,1
e_D139,T608,1
e_D139,T609,1
e_D139,T610,1
e_D139,T611,1
e_D139,T612,1
e_D139,T613,1
e_D140,T39,1
e_D140,T209,1
e_D140,T302,1
e_D140,T604,1
e_D140,T605,1
e_D140,T606,1
e_D140,T607,1
e_D140,T608,1
e_D140,T609,1
e_D140,T610,1
e_D140,T611,1
e_D140,T612,1
e_D140,T613,1
e_D141,T93,1
e_D141,T97,1
e_D142,T27,1
e_D142,T28,1
e_D142,T31,1
e_D142,T54,1
e_D142,T64,1
e_D142,T81,1
e_D142,T82,1
e_D142,T83,1
e_D142,T84,1
e_D142,T86,1
e_D142,T87,1
e_D142,T88,1
e_D142,T89,1
e_D142,T90,1
e_D142,T91,1
e_D142,T92,1
e_D142,T93,1
e_D142,T94,1
e_D142,T95,1
e_D142,T96,1
e_D142,T97,1
e_D142,T98,1
e_D142,T99,1
e_D142,T100,1
e_D142,T101,1
e_D142,T102,1
e_D142,T103,1
e_D142,T104,1
e_D142,T105,1
e_D142,T106,1
e_D142,T107,1
e_D142,T108,1
e_D142,T109,1
e_D142,T110,1
e_D142,T111,1
e_D142,T146,1
e_D142,T198,1
e_D142,T224,1
e_D142,T233,1
e_D142,T239,1
e_D142,T241,1
e_D142,T252,1
e_D142,T264,1
e_D142,T281,1
e_D142,T321,1
e_D142,T345,1
e_D142,T380,1
e_D142,T381,1
e_D142,T383,1
e_D142,T392,1
e_D142,T393,1
e_D142,T395,1
e_D142,T396,1
e_D142,T397,1
e_D142,T398,1
e_D142,T399,1
e_D142,T400,1
e_D142,T401,1
e_D142,T402,1
e_D142,T403,1
e_D142,T404,1
e_D142,T405,1
e_D142,T406,1
e_D142,T408,1
e_D142,T409,1
e_D142,T411,1
e_D142,T415,1
e_D142,T416,1
e_D142,T417,1
e_D142,T428,1
e_D142,T429,1
e_D142,T430,1
e_D142,T431,1
e_D142,T432,1
e_D142,T433,1
e_D142,T434,1
e_D142,T435,1
e_D142,T487,1
e_D142,T489,1
e_D142,T518,1
e_D142,T550,1
e_D142,T556,1
e_D142,T557,1
e_D142,T633,1
e_D142,T635,1
e_D142,T640,1
e_D142,T641,1
e_D142,T647,1
e_D142,T657,1
e_D143,T379,1
e_D144,T89,1
e_D145,T125,1
e_D146,T89,1
e_D147,T605,1
e_D147,T607,1
e_D148,T39,1
e_D148,T209,1
e_D148,T302,1
e_D148,T604,1
e_D148,T605,1
e_D148,T606,1
e_D148,T607,1
e_D148,T608,1
e_D148,T609,1
e_D148,T610,1
e_D148,T611,1
e_D148,T612,1
e_D148,T613,1
e_D149,T28,1
e_D149,T81,1
e_D149,T82,1
e_D149,T83,1
e_D149,T84,1
e_D149,T85,1
e_D149,T86,1
e_D149,T87,1
e_D149,T88,1
e_D149,T89,1
e_D149,T90,1
e_D149,T91,1
e_D149,T92,1
e_D149,T93,1
e_D149,T95,1
e_D149,T96,1
e_D149,T97,1
e_D149,T98,1
e_D149,T99,1
e_D149,T100,1
e_D149,T101,1
e_D149,T102,1
e_D149,T103,1
e_D149,T104,1
e_D149,T105,1
e_D149,T106,1
e_D149,T107,1
e_D149,T108,1
e_D149,T109,1
e_D149,T110,1
e_D149,T111,1
e_D149,T146,1
e_D149,T224,1
e_D149,T231,1
e_D149,T241,1
e_D149,T252,1
e_D149,T321,1
e_D149,T380,1
e_D149,T391,1
e_D149,T392,1
e_D149,T518,1
e_D149,T550,1
e_D149,T635,1
e_D149,T647,1
e_D149,T657,1
e_D150,T94,1
e_D150,T231,1
e_D150,T391,1
e_D151,T94,1
e_D151,T231,1
e_D151,T391,1
e_D152,T231,1
e_D152,T391,1
e_D153,T231,1
e_D153,T391,1
e_D154,T94,1
e_D154,T231,1
e_D154,T391,1
e_D155,T379,1
e_D156,T97,1
e_D157,T164,1
e_D158,T122,1
e_D158,T123,1
e_D158,T124,1
e_D158,T319,1
e_D158,T337,1
e_D158,T585,1
e_D158,T600,1
e_D158,T622,1
e_D159,T82,1
e_D159,T93,1
e_D159,T97,1
e_D160,T519,1
e_D160,T520,1
e_D161,T91,1
e_D161,T519,1
e_D161,T520,1
e_D162,T519,1
e_D162,T520,1
e_D163,T81,1
e_D163,T82,1
e_D164,T28,1
e_D164,T81,1
e_D164,T82,1
e_D164,T83,1
e_D164,T84,1
e_D164,T85,1
e_D164,T86,1
e_D164,T87,1
e_D164,T88,1
e_D164,T89,1
e_D164,T90,1
e_D164,T91,1
e_D164,T92,1
e_D164,T93,1
e_D164,T94,1
e_D164,T95,1
e_D164,T96,1
e_D164,T97,1
e_D164,T98,1
e_D164,T99,1
e_D164,T100,1
e_D164,T101,1
e_D164,T102,1
e_D164,T103,1
e_D164,T104,1
e_D164,T105,1
e_D164,T106,1
e_D164,T107,1
e_D164,T109,1
e_D164,T110,1
e_D164,T111,1
e_D164,T146,1
e_D164,T224,1
e_D164,T241,1
e_D164,T252,1
e_D164,T321,1
e_D164,T380,1
e_D164,T392,1
e_D164,T518,1
e_D164,T550,1
e_D164,T635,1
e_D164,T647,1
e_D164,T657,1
e_D165,T19,1
e_D165,T32,1
e_D165,T122,1
e_D165,T123,1
e_D165,T124,1
e_D165,T221,1
e_D165,T243,1
e_D165,T244,1
e_D165,T245,1
e_D165,T246,1
e_D165,T247,1
e_D165,T248,1
e_D165,T319,1
e_D165,T337,1
e_D165,T373,1
e_D165,T622,1
e_D166,T574,1
e_D167,T79,1
e_D167,T128,1
e_D167,T578,1
e_D167,T579,1
e_D167,T589,1
e_D167,T598,1
e_D167,T599,1
e_D168,T91,1
e_D169,T90,1
e_D170,T115,1
e_D171,T115,1
e_D172,T115,1
e_D173,T115,1
e_D174,T115,1
e_D175,T218,1
e_D175,T222,1
e_D175,T236,1
e_D175,T645,1
e_D176,T352,1
e_D177,T604,1
e_D177,T605,1
e_D177,T607,1
e_D178,T604,1
e_D178,T605,1
e_D178,T607,1
e_D179,T39,1
e_D179,T209,1
e_D179,T302,1
e_D179,T604,1
e_D179,T605,1
e_D179,T606,1
e_D179,T607,1
e_D179,T608,1
e_D179,T609,1
e_D179,T610,1
e_D179,T611,1
e_D179,T612,1
e_D179,T613,1
e_D180,T39,1
e_D180,T209,1
e_D180,T302,1
e_D180,T604,1
e_D180,T605,1
e_D180,T606,1
e_D180,T607,1
e_D180,T608,1
e_D180,T609,1
e_D180,T610,1
e_D180,T611,1
e_D180,T612,1
e_D180,T613,1
e_D181,T348,1
e_D181,T604,1
e_D181,T605,1
e_D181,T607,1
e_D182,T39,1
e_D182,T209,1
e_D182,T302,1
e_D182,T604,1
e_D182,T605,1
e_D182,T606,1
e_D182,T607,1
e_D182,T608,1
e_D182,T609,1
e_D182,T610,1
e_D182,T611,1
e_D182,T612,1
e_D182,T613,1
e_D183,T348,1
e_D183,T604,1
e_D183,T605,1
e_D183,T607,1
e_D184,T348,1
e_D184,T604,1
e_D184,T605,1
e_D184,T607,1
e_D185,T334,1
e_D185,T532,1
e_D186,T334,1
e_D186,T532,1
e_D187,T27,1
e_D187,T233,1
e_D187,T393,1
e_D187,T395,1
e_D187,T396,1
e_D187,T397,1
e_D187,T398,1
e_D187,T399,1
e_D187,T400,1
e_D187,T401,1
e_D187,T404,1
e_D187,T405,1
e_D187,T406,1
e_D187,T408,1
e_D187,T640,1
e_D188,T604,1
e_D188,T605,1
e_D189,T604,1
e_D190,T191,1
e_D190,T343,1
e_D191,T164,1
e_D191,T532,1
e_D192,T119,1
e_D193,T292,1
e_D193,T293,1
e_D194,T189,1
e_D195,T576,1
e_D196,T81,1
e_D196,T82,1
e_D196,T85,1
e_D196,T94,1
e_D197,T61,1
e_D198,T324,1
e_D198,T325,1
e_D199,T61,1
e_D200,T334,1
e_D200,T532,1
e_D201,T519,1
e_D201,T520,1
e_D202,T519,1
e_D202,T520,1
e_D203,T324,1
e_D203,T325,1
e_D204,T519,1
e_D204,T520,1
e_D205,T363,1
e_D206,T89,1
e_D206,T91,1
e_D207,T237,1
e_D208,T237,1
e_D209,T271,1
e_D210,T271,1
e_D211,T271,1
e_D212,T271,1
e_D213,T26,1
e_D213,T57,1
e_D213,T346,1
e_D213,T347,1
e_D214,T26,1
e_D214,T57,1
e_D214,T346,1
e_D214,T347,1
e_D215,T519,1
e_D215,T520,1
e_D216,T519,1
e_D216,T520,1
e_D217,T324,1
e_D218,T81,1
e_D218,T82,1
e_D218,T83,1
e_D218,T84,1
e_D218,T85,1
e_D218,T86,1
e_D218,T87,1
e_D218,T88,1
e_D218,T89,1
e_D218,T90,1
e_D218,T91,1
e_D218,T92,1
e_D218,T93,1
e_D218,T94,1
e_D218,T95,1
e_D218,T96,1
e_D218,T97,1
e_D218,T98,1
e_D218,T100,1
e_D218,T107,1
e_D218,T146,1
e_D218,T224,1
e_D218,T252,1
e_D218,T550,1
e_D219,T107,1
e_D220,T81,1
e_D220,T82,1
e_D220,T83,1
e_D220,T84,1
e_D220,T85,1
e_D220,T86,1
e_D220,T87,1
e_D220,T88,1
e_D220,T89,1
e_D220,T90,1
e_D220,T91,1
e_D220,T92,1
e_D220,T93,1
e_D220,T94,1
e_D220,T95,1
e_D220,T96,1
e_D220,T97,1
e_D220,T98,1
e_D220,T100,1
e_D220,T107,1
e_D220,T146,1
e_D220,T224,1
e_D220,T252,1
e_D220,T550,1
e_D221,T447,1
e_D222,T519,1
e_D222,T520,1
e_D223,T519,1
e_D223,T520,1
e_D224,T519,1
e_D224,T520,1
e_D225,T334,1
e_D226,T334,1
e_D227,T334,1
e_D228,T334,1
e_D229,T273,1
e_D229,T341,1
e_D229,T342,1
e_D229,T344,1
e_D230,T47,1
e_D230,T580,1
e_D230,T583,1
e_D230,T644,1
e_D231,T589,1
e_D232,T115,1
e_D233,T28,1
e_D233,T81,1
e_D233,T82,1
e_D233,T83,1
e_D233,T84,1
e_D233,T85,1
e_D233,T86,1
e_D233,T87,1
e_D233,T88,1
e_D233,T89,1
e_D233,T90,1
e_D233,T91,1
e_D233,T92,1
e_D233,T93,1
e_D233,T94,1
e_D233,T95,1
e_D233,T96,1
e_D233,T97,1
e_D233,T98,1
e_D233,T99,1
e_D233,T100,1
e_D233,T101,1
e_D233,T102,1
e_D233,T103,1
e_D233,T104,1
e_D233,T105,1
e_D233,T106,1
e_D233,T107,1
e_D233,T108,1
e_D233,T109,1
e_D233,T110,1
e_D233,T111,1
e_D233,T146,1
e_D233,T224,1
e_D233,T241,1
e_D233,T252,1
e_D233,T321,1
e_D233,T380,1
e_D233,T392,1
e_D233,T518,1
e_D233,T550,1
e_D233,T635,1
e_D233,T647,1
e_D233,T657,1
e_D234,T324,1
e_D234,T325,1
e_D235,T532,1
e_D236,T115,1
e_D237,T519,1
e_D237,T520,1
e_D238,T27,1
e_D238,T233,1
e_D238,T376,1
e_D238,T393,1
e_D238,T395,1
e_D238,T396,1
e_D238,T397,1
e_D238,T398,1
e_D238,T399,1
e_D238,T400,1
e_D238,T401,1
e_D238,T404,1
e_D238,T405,1
e_D238,T406,1
e_D238,T407,1
e_D238,T408,1
e_D238,T409,1
e_D238,T640,1
e_D238,T641,1
e_D239,T427,1
e_D239,T436,1
e_D240,T93,1
e_D241,T275,1
e_D242,T519,1
e_D242,T520,1
e_D243,T39,1
e_D243,T209,1
e_D243,T302,1
e_D243,T604,1
e_D243,T605,1
e_D243,T606,1
e_D243,T607,1
e_D243,T608,1
e_D243,T609,1
e_D243,T610,1
e_D243,T611,1
e_D243,T612,1
e_D243,T613,1
e_D244,T27,1
e_D244,T233,1
e_D244,T376,1
e_D244,T393,1
e_D244,T395,1
e_D244,T396,1
e_D244,T397,1
e_D244,T398,1
e_D244,T399,1
e_D244,T400,1
e_D244,T401,1
e_D244,T404,1
e_D244,T405,1
e_D244,T406,1
e_D244,T407,1
e_D244,T408,1
e_D244,T409,1
e_D244,T640,1
e_D244,T641,1
e_D245,T589,1
e_D246,T20,1
e_D246,T43,1
e_D246,T48,1
e_D246,T58,1
e_D246,T139,1
e_D246,T162,1
e_D246,T219,1
e_D246,T225,1
e_D246,T266,1
e_D246,T269,1
e_D246,T315,1
e_D246,T316,1
e_D246,T318,1
e_D246,T334,1
e_D246,T369,1
e_D246,T370,1
e_D246,T371,1
e_D246,T372,1
e_D246,T394,1
e_D246,T422,1
e_D246,T423,1
e_D246,T424,1
e_D246,T425,1
e_D246,T440,1
e_D246,T441,1
e_D246,T442,1
e_D246,T532,1
e_D246,T548,1
e_D246,T560,1
e_D246,T589,1
e_D246,T618,1
e_D246,T620,1
e_D246,T624,1
e_D246,T625,1
e_D246,T634,1
e_D246,T654,1
e_D246,T658,1
e_D247,T334,1
e_D248,T348,1
e_D249,T604,1
e_D249,T605,1
e_D249,T607,1
e_D250,T581,1
e_D250,T582,1
e_D251,T581,1
e_D251,T582,1
e_D252,T23,1
e_D252,T33,1
e_D252,T448,1
e_D252,T449,1
e_D252,T450,1
e_D252,T451,1
e_D252,T452,1
e_D252,T453,1
e_D252,T454,1
e_D252,T455,1
e_D252,T456,1
e_D252,T457,1
e_D252,T592,1
e_D252,T593,1
e_D252,T594,1
e_D252,T595,1
e_D252,T596,1
e_D252,T617,1
e_D253,T519,1
e_D253,T520,1
e_D254,T211,1
e_D254,T212,1
e_D254,T213,1
e_D254,T214,1
e_D254,T215,1
e_D254,T233,1
e_D254,T320,1
e_D254,T407,1
e_D255,T42,1
e_D255,T78,1
e_D255,T236,1
e_D255,T440,1
e_D256,T214,1
e_D256,T519,1
e_D256,T520,1
e_D257,T424,1
e_D258,T351,1
e_D259,T519,1
e_D259,T520,1
e_D260,T81,1
e_D260,T82,1
e_D260,T83,1
e_D260,T84,1
e_D260,T85,1
e_D260,T86,1
e_D260,T87,1
e_D260,T88,1
e_D260,T89,1
e_D260,T90,1
e_D260,T91,1
e_D260,T92,1
e_D260,T93,1
e_D260,T94,1
e_D260,T95,1
e_D260,T96,1
e_D260,T97,1
e_D260,T98,1
e_D260,T100,1
e_D260,T107,1
e_D260,T146,1
e_D260,T224,1
e_D260,T252,1
e_D260,T550,1
e_D261,T47,1
e_D261,T580,1
e_D261,T583,1
e_D261,T644,1
e_D262,T6,1
e_D262,T18,1
e_D262,T59,1
e_D262,T75,1
e_D262,T76,1
e_D262,T141,1
e_D262,T143,1
e_D262,T147,1
e_D262,T148,1
e_D262,T149,1
e_D262,T150,1
e_D262,T151,1
e_D262,T152,1
e_D262,T153,1
e_D262,T154,1
e_D262,T155,1
e_D262,T156,1
e_D262,T157,1
e_D262,T159,1
e_D262,T160,1
e_D262,T161,1
e_D262,T174,1
e_D262,T182,1
e_D262,T183,1
e_D262,T185,1
e_D262,T186,1
e_D262,T187,1
e_D262,T188,1
e_D262,T196,1
e_D262,T197,1
e_D262,T200,1
e_D262,T210,1
e_D262,T216,1
e_D262,T217,1
e_D262,T242,1
e_D262,T254,1
e_D262,T263,1
e_D262,T284,1
e_D262,T294,1
e_D262,T295,1
e_D262,T296,1
e_D262,T298,1
e_D262,T299,1
e_D262,T300,1
e_D262,T303,1
e_D262,T305,1
e_D262,T311,1
e_D262,T322,1
e_D262,T323,1
e_D262,T327,1
e_D262,T331,1
e_D262,T340,1
e_D262,T343,1
e_D262,T355,1
e_D262,T356,1
e_D262,T357,1
e_D262,T358,1
e_D262,T359,1
e_D262,T360,1
e_D262,T410,1
e_D262,T412,1
e_D262,T481,1
e_D262,T490,1
e_D262,T503,1
e_D262,T504,1
e_D262,T505,1
e_D262,T506,1
e_D262,T507,1
e_D262,T521,1
e_D262,T522,1
e_D262,T534,1
e_D262,T535,1
e_D262,T536,1
e_D262,T539,1
e_D262,T545,1
e_D262,T553,1
e_D262,T554,1
e_D262,T555,1
e_D262,T562,1
e_D262,T564,1
e_D262,T571,1
e_D262,T572,1
e_D262,T573,1
e_D262,T575,1
e_D262,T577,1
e_D262,T587,1
e_D262,T588,1
e_D262,T591,1
e_D262,T602,1
e_D262,T603,1
e_D262,T614,1
e_D262,T646,1
e_D262,T648,1
e_D262,T649,1
e_D262,T652,1
e_D262,T655,1
e_D263,T519,1
e_D263,T520,1
e_D264,T519,1
e_D264,T520,1
e_D265,T519,1
e_D265,T520,1
e_D266,T115,1
e_D267,T519,1
e_D267,T520,1
e_D268,T519,1
e_D268,T520,1
e_D269,T519,1
e_D269,T520,1
e_D270,T218,1
e_D270,T222,1
e_D270,T645,1
e_D271,T115,1
e_D272,T195,1
e_D273,T27,1
e_D273,T233,1
e_D273,T376,1
e_D273,T393,1
e_D273,T395,1
e_D273,T396,1
e_D273,T397,1
e_D273,T398,1
e_D273,T399,1
e_D273,T400,1
e_D273,T401,1
e_D273,T404,1
e_D273,T405,1
e_D273,T406,1
e_D273,T407,1
e_D273,T408,1
e_D273,T409,1
e_D273,T640,1
e_D273,T641,1
e_D274,T27,1
e_D274,T233,1
e_D274,T376,1
e_D274,T393,1
e_D274,T395,1
e_D274,T396,1
e_D274,T397,1
e_D274,T398,1
e_D274,T399,1
e_D274,T400,1
e_D274,T401,1
e_D274,T404,1
e_D274,T405,1
e_D274,T406,1
e_D274,T407,1
e_D274,T408,1
e_D274,T409,1
e_D274,T640,1
e_D274,T641,1
e_D275,T519,1
e_D275,T520,1
e_D276,T27,1
e_D276,T233,1
e_D276,T376,1
e_D276,T393,1
e_D276,T395,1
e_D276,T396,1
e_D276,T397,1
e_D276,T398,1
e_D276,T399,1
e_D276,T400,1
e_D276,T401,1
e_D276,T404,1
e_D276,T405,1
e_D276,T406,1
e_D276,T407,1
e_D276,T408,1
e_D276,T409,1
e_D276,T640,1
e_D276,T641,1
e_D277,T195,1
e_D278,T519,1
e_D278,T520,1
e_D279,T581,1
e_D279,T582,1
e_D280,T519,1
e_D280,T520,1
e_D281,T519,1
e_D281,T520,1
e_D282,T519,1
e_D282,T520,1
e_D283,T424,1
e_D284,T163,1
e_D285,T74,1
e_D285,T184,1
e_D285,T493,1
e_D285,T494,1
e_D285,T495,1
e_D285,T496,1
e_D285,T497,1
e_D285,T498,1
e_D285,T499,1
e_D285,T500,1
e_D285,T501,1
e_D285,T502,1
e_D285,T540,1
e_D286,T195,1
e_D287,T167,1
e_D288,T271,1
e_D289,T519,1
e_D289,T520,1
e_D290,T581,1
e_D290,T582,1
e_D291,T324,1
e_D291,T325,1
e_D292,T115,1
e_D293,T443,1
e_D293,T537,1
e_D294,T47,1
e_D294,T580,1
e_D294,T581,1
e_D294,T582,1
e_D294,T583,1
e_D294,T644,1
e_D295,T271,1
e_D296,T145,1
e_D297,T558,1
e_D297,T628,1
e_D298,T177,1
e_D299,T97,1
e_D300,T519,1
e_D300,T520,1
e_D301,T18,1
e_D301,T75,1
e_D301,T141,1
e_D301,T143,1
e_D301,T147,1
e_D301,T148,1
e_D301,T149,1
e_D301,T150,1
e_D301,T151,1
e_D301,T152,1
e_D301,T153,1
e_D301,T154,1
e_D301,T155,1
e_D301,T156,1
e_D301,T157,1
e_D301,T159,1
e_D301,T160,1
e_D301,T161,1
e_D301,T185,1
e_D301,T186,1
e_D301,T187,1
e_D301,T188,1
e_D301,T196,1
e_D301,T197,1
e_D301,T200,1
e_D301,T210,1
e_D301,T242,1
e_D301,T284,1
e_D301,T294,1
e_D301,T295,1
e_D301,T303,1
e_D301,T305,1
e_D301,T322,1
e_D301,T331,1
e_D301,T340,1
e_D301,T343,1
e_D301,T355,1
e_D301,T356,1
e_D301,T357,1
e_D301,T358,1
e_D301,T359,1
e_D301,T360,1
e_D301,T410,1
e_D301,T412,1
e_D301,T490,1
e_D301,T522,1
e_D301,T534,1
e_D301,T535,1
e_D301,T539,1
e_D301,T573,1
e_D301,T577,1
e_D301,T591,1
e_D301,T614,1
e_D302,T164,1
e_D303,T362,1
e_D304,T27,1
e_D304,T233,1
e_D304,T376,1
e_D304,T393,1
e_D304,T395,1
e_D304,T396,1
e_D304,T397,1
e_D304,T398,1
e_D304,T399,1
e_D304,T400,1
e_D304,T401,1
e_D304,T404,1
e_D304,T405,1
e_D304,T406,1
e_D304,T407,1
e_D304,T408,1
e_D304,T409,1
e_D304,T640,1
e_D304,T641,1
e_D305,T27,1
e_D305,T233,1
e_D305,T376,1
e_D305,T393,1
e_D305,T395,1
e_D305,T396,1
e_D305,T397,1
e_D305,T398,1
e_D305,T399,1
e_D305,T400,1
e_D305,T401,1
e_D305,T404,1
e_D305,T405,1
e_D305,T406,1
e_D305,T407,1
e_D305,T408,1
e_D305,T409,1
e_D305,T640,1
e_D305,T641,1
e_D306,T27,1
e_D306,T233,1
e_D306,T376,1
e_D306,T393,1
e_D306,T395,1
e_D306,T396,1
e_D306,T397,1
e_D306,T398,1
e_D306,T399,1
e_D306,T400,1
e_D306,T401,1
e_D306,T404,1
e_D306,T405,1
e_D306,T406,1
e_D306,T407,1
e_D306,T408,1
e_D306,T409,1
e_D306,T640,1
e_D306,T641,1
e_D307,T334,1
e_D308,T519,1
e_D308,T520,1
e_D309,T118,1
e_D310,T581,1
e_D310,T582,1
e_D311,T47,1
e_D311,T580,1
e_D311,T583,1
e_D311,T644,1
e_D312,T334,1
e_D313,T68,1
e_D313,T69,1
e_D313,T70,1
e_D313,T458,1
e_D314,T334,1
e_D314,T532,1
e_D315,T126,1
e_D316,T581,1
e_D316,T582,1
e_D317,T27,1
e_D317,T233,1
e_D317,T376,1
e_D317,T393,1
e_D317,T395,1
e_D317,T396,1
e_D317,T397,1
e_D317,T398,1
e_D317,T399,1
e_D317,T400,1
e_D317,T401,1
e_D317,T404,1
e_D317,T405,1
e_D317,T406,1
e_D317,T407,1
e_D317,T408,1
e_D317,T409,1
e_D317,T640,1
e_D317,T641,1
e_D318,T271,1
e_D319,T574,1
e_D320,T424,1
e_D321,T519,1
e_D321,T520,1
e_D322,T301,1
e_D323,T330,1
e_D324,T226,1
e_D325,T581,1
e_D325,T582,1
e_D326,T16,1
e_D326,T195,1
e_D327,T195,1
e_D328,T581,1
e_D328,T582,1
e_D329,T30,1
e_D329,T164,1
e_D329,T165,1
e_D329,T166,1
e_D329,T167,1
e_D329,T229,1
e_D329,T508,1
e_D329,T615,1
e_D330,T519,1
e_D330,T520,1
e_D331,T93,1
e_D332,T519,1
e_D332,T520,1
e_D333,T519,1
e_D333,T520,1
e_D334,T58,1
e_D334,T90,1
e_D334,T97,1
e_D334,T604,1
e_D335,T114,1
e_D335,T418,1
e_D335,T537,1
e_D335,T589,1
e_D336,T561,1
e_D337,T334,1
e_D338,T604,1
e_D339,T81,1
e_D339,T82,1
e_D339,T83,1
e_D339,T84,1
e_D339,T85,1
e_D339,T86,1
e_D339,T87,1
e_D339,T88,1
e_D339,T89,1
e_D339,T90,1
e_D339,T91,1
e_D339,T92,1
e_D339,T93,1
e_D339,T94,1
e_D339,T95,1
e_D339,T96,1
e_D339,T97,1
e_D339,T98,1
e_D339,T100,1
e_D339,T107,1
e_D339,T146,1
e_D339,T224,1
e_D339,T252,1
e_D339,T550,1
e_D340,T118,1
e_D341,T111,1
e_D342,T334,1
e_D343,T324,1
e_D343,T325,1
e_D344,T324,1
e_D344,T325,1
e_D345,T324,1
e_D345,T325,1
e_D346,T324,1
e_D346,T325,1
e_D347,T324,1
e_D347,T325,1
e_D348,T324,1
e_D348,T325,1
e_D349,T368,1
e_D350,T324,1
e_D350,T325,1
e_D351,T324,1
e_D351,T325,1
e_D352,T324,1
e_D352,T325,1
e_D353,T27,1
e_D353,T233,1
e_D353,T376,1
e_D353,T393,1
e_D353,T395,1
e_D353,T396,1
e_D353,T397,1
e_D353,T398,1
e_D353,T399,1
e_D353,T400,1
e_D353,T401,1
e_D353,T404,1
e_D353,T405,1
e_D353,T406,1
e_D353,T407,1
e_D353,T408,1
e_D353,T409,1
e_D353,T640,1
e_D353,T641,1
e_D354,T93,1
e_D355,T581,1
e_D355,T582,1
e_D356,T519,1
e_D356,T520,1
e_D357,T334,1
e_D357,T532,1
e_D358,T27,1
e_D358,T233,1
e_D358,T376,1
e_D358,T393,1
e_D358,T395,1
e_D358,T396,1
e_D358,T397,1
e_D358,T398,1
e_D358,T399,1
e_D358,T400,1
e_D358,T401,1
e_D358,T404,1
e_D358,T405,1
e_D358,T406,1
e_D358,T407,1
e_D358,T408,1
e_D358,T409,1
e_D358,T640,1
e_D358,T641,1
e_D359,T47,1
e_D359,T580,1
e_D359,T581,1
e_D359,T582,1
e_D359,T583,1
e_D359,T644,1
e_D360,T22,1
e_D360,T62,1
e_D360,T173,1
e_D360,T230,1
e_D360,T287,1
e_D360,T488,1
e_D360,T492,1
e_D360,T526,1
e_D360,T527,1
e_D360,T528,1
e_D360,T629,1
e_D361,T195,1
e_D362,T4,1
e_D362,T5,1
e_D362,T7,1
e_D362,T8,1
e_D362,T9,1
e_D362,T10,1
e_D362,T11,1
e_D362,T12,1
e_D362,T194,1
e_D362,T332,1
e_D362,T639,1
e_D362,T662,1
e_D363,T558,1
e_D363,T628,1
e_D364,T563,1
e_D364,T590,1
e_D365,T115,1
e_D366,T74,1
e_D366,T184,1
e_D366,T493,1
e_D366,T494,1
e_D366,T495,1
e_D366,T496,1
e_D366,T497,1
e_D366,T498,1
e_D366,T499,1
e_D366,T500,1
e_D366,T501,1
e_D366,T502,1
e_D366,T540,1
e_D367,T533,1
e_D368,T27,1
e_D368,T233,1
e_D368,T376,1
e_D368,T393,1
e_D368,T395,1
e_D368,T396,1
e_D368,T397,1
e_D368,T398,1
e_D368,T399,1
e_D368,T400,1
e_D368,T401,1
e_D368,T404,1
e_D368,T405,1
e_D368,T406,1
e_D368,T407,1
e_D368,T408,1
e_D368,T409,1
e_D368,T640,1
e_D368,T641,1
e_D369,T18,1
e_D369,T75,1
e_D369,T141,1
e_D369,T143,1
e_D369,T147,1
e_D369,T148,1
e_D369,T149,1
e_D369,T150,1
e_D369,T151,1
e_D369,T152,1
e_D369,T153,1
e_D369,T154,1
e_D369,T155,1
e_D369,T156,1
e_D369,T157,1
e_D369,T159,1
e_D369,T160,1
e_D369,T161,1
e_D369,T185,1
e_D369,T186,1
e_D369,T187,1
e_D369,T188,1
e_D369,T196,1
e_D369,T197,1
e_D369,T200,1
e_D369,T210,1
e_D369,T242,1
e_D369,T284,1
e_D369,T294,1
e_D369,T295,1
e_D369,T303,1
e_D369,T305,1
e_D369,T322,1
e_D369,T331,1
e_D369,T340,1
e_D369,T343,1
e_D369,T355,1
e_D369,T356,1
e_D369,T357,1
e_D369,T358,1
e_D369,T359,1
e_D369,T360,1
e_D369,T410,1
e_D369,T412,1
e_D369,T490,1
e_D369,T522,1
e_D369,T534,1
e_D369,T535,1
e_D369,T539,1
e_D369,T573,1
e_D369,T577,1
e_D369,T591,1
e_D369,T614,1
e_D370,T18,1
e_D370,T75,1
e_D370,T141,1
e_D370,T143,1
e_D370,T147,1
e_D370,T148,1
e_D370,T149,1
e_D370,T150,1
e_D370,T151,1
e_D370,T152,1
e_D370,T153,1
e_D370,T154,1
e_D370,T155,1
e_D370,T156,1
e_D370,T157,1
e_D370,T159,1
e_D370,T160,1
e_D370,T161,1
e_D370,T185,1
e_D370,T186,1
e_D370,T187,1
e_D370,T188,1
e_D370,T196,1
e_D370,T197,1
e_D370,T200,1
e_D370,T210,1
e_D370,T242,1
e_D370,T284,1
e_D370,T294,1
e_D370,T295,1
e_D370,T303,1
e_D370,T305,1
e_D370,T322,1
e_D370,T331,1
e_D370,T340,1
e_D370,T343,1
e_D370,T355,1
e_D370,T356,1
e_D370,T357,1
e_D370,T358,1
e_D370,T359,1
e_D370,T360,1
e_D370,T410,1
e_D370,T412,1
e_D370,T490,1
e_D370,T522,1
e_D370,T534,1
e_D370,T535,1
e_D370,T539,1
e_D370,T573,1
e_D370,T577,1
e_D370,T591,1
e_D370,T614,1
e_D371,T27,1
e_D371,T233,1
e_D371,T376,1
e_D371,T393,1
e_D371,T395,1
e_D371,T396,1
e_D371,T397,1
e_D371,T398,1
e_D371,T399,1
e_D371,T400,1
e_D371,T401,1
e_D371,T404,1
e_D371,T405,1
e_D371,T406,1
e_D371,T407,1
e_D371,T408,1
e_D371,T409,1
e_D371,T640,1
e_D371,T641,1
e_D372,T18,1
e_D372,T75,1
e_D372,T141,1
e_D372,T143,1
e_D372,T147,1
e_D372,T148,1
e_D372,T149,1
e_D372,T150,1
e_D372,T151,1
e_D372,T152,1
e_D372,T153,1
e_D372,T154,1
e_D372,T155,1
e_D372,T156,1
e_D372,T157,1
e_D372,T159,1
e_D372,T160,1
e_D372,T161,1
e_D372,T185,1
e_D372,T186,1
e_D372,T187,1
e_D372,T188,1
e_D372,T196,1
e_D372,T197,1
e_D372,T200,1
e_D372,T210,1
e_D372,T242,1
e_D372,T284,1
e_D372,T294,1
e_D372,T295,1
e_D372,T303,1
e_D372,T305,1
e_D372,T322,1
e_D372,T331,1
e_D372,T340,1
e_D372,T343,1
e_D372,T355,1
e_D372,T356,1
e_D372,T357,1
e_D372,T358,1
e_D372,T359,1
e_D372,T360,1
e_D372,T410,1
e_D372,T412,1
e_D372,T490,1
e_D372,T522,1
e_D372,T534,1
e_D372,T535,1
e_D372,T539,1
e_D372,T573,1
e_D372,T577,1
e_D372,T591,1
e_D372,T614,1
e_D373,T85,1
e_D373,T87,1
e_D373,T202,1
e_D374,T218,1
e_D374,T222,1
e_D374,T645,1
e_D375,T115,1
e_D376,T271,1
e_D377,T271,1
e_D378,T19,1
e_D378,T28,1
e_D378,T32,1
e_D378,T80,1
e_D378,T81,1
e_D378,T82,1
e_D378,T83,1
e_D378,T84,1
e_D378,T85,1
e_D378,T86,1
e_D378,T87,1
e_D378,T88,1
e_D378,T89,1
e_D378,T90,1
e_D378,T91,1
e_D378,T92,1
e_D378,T93,1
e_D378,T94,1
e_D378,T95,1
e_D378,T96,1
e_D378,T97,1
e_D378,T98,1
e_D378,T100,1
e_D378,T101,1
e_D378,T102,1
e_D378,T103,1
e_D378,T104,1
e_D378,T105,1
e_D378,T106,1
e_D378,T107,1
e_D378,T108,1
e_D378,T109,1
e_D378,T110,1
e_D378,T111,1
e_D378,T122,1
e_D378,T123,1
e_D378,T124,1
e_D378,T146,1
e_D378,T180,1
e_D378,T221,1
e_D378,T224,1
e_D378,T241,1
e_D378,T252,1
e_D378,T319,1
e_D378,T321,1
e_D378,T368,1
e_D378,T373,1
e_D378,T420,1
e_D378,T518,1
e_D378,T537,1
e_D378,T538,1
e_D378,T550,1
e_D378,T622,1
e_D378,T635,1
e_D378,T647,1
e_D379,T519,1
e_D379,T520,1
e_D380,T519,1
e_D380,T520,1
e_D381,T519,1
e_D381,T520,1
e_D382,T519,1
e_D382,T520,1
e_D383,T519,1
e_D383,T520,1
e_D384,T519,1
e_D384,T520,1
e_D385,T203,1
e_D385,T204,1
e_D386,T164,1
e_D387,T164,1
e_D388,T324,1
e_D388,T325,1
e_D389,T324,1
e_D389,T325,1
e_D390,T558,1
e_D390,T628,1
e_D391,T558,1
e_D391,T628,1
e_D392,T74,1
e_D392,T184,1
e_D392,T493,1
e_D392,T494,1
e_D392,T495,1
e_D392,T496,1
e_D392,T497,1
e_D392,T498,1
e_D392,T499,1
e_D392,T500,1
e_D392,T501,1
e_D392,T502,1
e_D392,T540,1
e_D393,T533,1
e_D394,T533,1
e_D395,T533,1
e_D396,T533,1
e_D397,T334,1
e_D398,T115,1
e_D399,T115,1
e_D400,T115,1
e_D401,T115,1
e_D402,T115,1
e_D403,T115,1
e_D404,T115,1
e_D405,T115,1
e_D406,T115,1
e_D407,T115,1
e_D408,T115,1
e_D409,T115,1
e_D410,T115,1
e_D411,T81,1
e_D411,T82,1
e_D411,T83,1
e_D411,T84,1
e_D411,T85,1
e_D411,T86,1
e_D411,T87,1
e_D411,T88,1
e_D411,T89,1
e_D411,T90,1
e_D411,T91,1
e_D411,T92,1
e_D411,T93,1
e_D411,T94,1
e_D411,T95,1
e_D411,T96,1
e_D411,T97,1
e_D411,T98,1
e_D411,T100,1
e_D411,T107,1
e_D411,T146,1
e_D411,T224,1
e_D411,T252,1
e_D411,T550,1
e_D412,T81,1
e_D412,T82,1
e_D412,T83,1
e_D412,T84,1
e_D412,T85,1
e_D412,T86,1
e_D412,T87,1
e_D412,T88,1
e_D412,T89,1
e_D412,T90,1
e_D412,T91,1
e_D412,T92,1
e_D412,T93,1
e_D412,T94,1
e_D412,T95,1
e_D412,T96,1
e_D412,T97,1
e_D412,T98,1
e_D412,T100,1
e_D412,T106,1
e_D412,T107,1
e_D412,T146,1
e_D412,T224,1
e_D412,T252,1
e_D412,T550,1
e_D413,T81,1
e_D413,T82,1
e_D413,T83,1
e_D413,T84,1
e_D413,T85,1
e_D413,T86,1
e_D413,T87,1
e_D413,T88,1
e_D413,T89,1
e_D413,T90,1
e_D413,T91,1
e_D413,T92,1
e_D413,T93,1
e_D413,T94,1
e_D413,T95,1
e_D413,T96,1
e_D413,T97,1
e_D413,T98,1
e_D413,T100,1
e_D413,T106,1
e_D413,T107,1
e_D413,T146,1
e_D413,T224,1
e_D413,T252,1
e_D413,T550,1
e_D414,T113,1
e_D415,T145,1
e_D416,T72,1
e_D416,T121,1
e_D416,T235,1
e_D416,T349,1
e_D416,T390,1
e_D416,T615,1
e_D416,T659,1
e_D417,T195,1
e_D418,T195,1
e_D419,T195,1
e_D420,T195,1
e_D421,T271,1
e_D422,T334,1
e_D422,T532,1
e_D423,T334,1
e_D424,T334,1
e_D425,T589,1
e_D426,T26,1
e_D426,T57,1
e_D426,T346,1
e_D426,T347,1
e_D427,T39,1
e_D427,T209,1
e_D427,T302,1
e_D427,T604,1
e_D427,T605,1
e_D427,T606,1
e_D427,T607,1
e_D427,T608,1
e_D427,T609,1
e_D427,T610,1
e_D427,T611,1
e_D427,T612,1
e_D427,T613,1
e_D428,T212,1
e_D429,T581,1
e_D429,T582,1
e_D430,T18,1
e_D430,T75,1
e_D430,T141,1
e_D430,T143,1
e_D430,T147,1
e_D430,T148,1
e_D430,T149,1
e_D430,T150,1
e_D430,T151,1
e_D430,T152,1
e_D430,T153,1
e_D430,T154,1
e_D430,T155,1
e_D430,T156,1
e_D430,T157,1
e_D430,T159,1
e_D430,T160,1
e_D430,T161,1
e_D430,T185,1
e_D430,T186,1
e_D430,T187,1
e_D430,T188,1
e_D430,T196,1
e_D430,T197,1
e_D430,T200,1
e_D430,T210,1
e_D430,T242,1
e_D430,T284,1
e_D430,T294,1
e_D430,T295,1
e_D430,T303,1
e_D430,T305,1
e_D430,T322,1
e_D430,T331,1
e_D430,T340,1
e_D430,T343,1
e_D430,T355,1
e_D430,T356,1
e_D430,T357,1
e_D430,T358,1
e_D430,T359,1
e_D430,T360,1
e_D430,T410,1
e_D430,T412,1
e_D430,T490,1
e_D430,T522,1
e_D430,T534,1
e_D430,T535,1
e_D430,T539,1
e_D430,T573,1
e_D430,T577,1
e_D430,T591,1
e_D430,T614,1
e_D431,T18,1
e_D431,T75,1
e_D431,T141,1
e_D431,T143,1
e_D431,T147,1
e_D431,T148,1
e_D431,T149,1
e_D431,T150,1
e_D431,T151,1
e_D431,T152,1
e_D431,T153,1
e_D431,T154,1
e_D431,T155,1
e_D431,T156,1
e_D431,T157,1
e_D431,T159,1
e_D431,T160,1
e_D431,T161,1
e_D431,T185,1
e_D431,T186,1
e_D431,T187,1
e_D431,T188,1
e_D431,T196,1
e_D431,T197,1
e_D431,T200,1
e_D431,T210,1
e_D431,T242,1
e_D431,T284,1
e_D431,T294,1
e_D431,T295,1
e_D431,T303,1
e_D431,T305,1
e_D431,T322,1
e_D431,T331,1
e_D431,T340,1
e_D431,T343,1
e_D431,T355,1
e_D431,T356,1
e_D431,T357,1
e_D431,T358,1
e_D431,T359,1
e_D431,T360,1
e_D431,T410,1
e_D431,T412,1
e_D431,T490,1
e_D431,T522,1
e_D431,T534,1
e_D431,T535,1
e_D431,T539,1
e_D431,T573,1
e_D431,T577,1
e_D431,T591,1
e_D431,T614,1
e_D432,T18,1
e_D432,T75,1
e_D432,T141,1
e_D432,T143,1
e_D432,T147,1
e_D432,T148,1
e_D432,T149,1
e_D432,T150,1
e_D432,T151,1
e_D432,T152,1
e_D432,T153,1
e_D432,T154,1
e_D432,T155,1
e_D432,T156,1
e_D432,T157,1
e_D432,T159,1
e_D432,T160,1
e_D432,T161,1
e_D432,T185,1
e_D432,T186,1
e_D432,T187,1
e_D432,T188,1
e_D432,T196,1
e_D432,T197,1
e_D432,T200,1
e_D432,T210,1
e_D432,T242,1
e_D432,T284,1
e_D432,T294,1
e_D432,T295,1
e_D432,T303,1
e_D432,T305,1
e_D432,T322,1
e_D432,T331,1
e_D432,T340,1
e_D432,T343,1
e_D432,T355,1
e_D432,T356,1
e_D432,T357,1
e_D432,T358,1
e_D432,T359,1
e_D432,T360,1
e_D432,T410,1
e_D432,T412,1
e_D432,T490,1
e_D432,T522,1
e_D432,T534,1
e_D432,T535,1
e_D432,T539,1
e_D432,T573,1
e_D432,T577,1
e_D432,T591,1
e_D432,T614,1
e_D433,T20,1
e_D433,T314,1
e_D433,T315,1
e_D433,T440,1
e_D433,T441,1
e_D433,T442,1
e_D433,T618,1
e_D433,T634,1
e_D433,T654,1
e_D434,T167,1
e_D435,T47,1
e_D435,T580,1
e_D435,T583,1
e_D435,T644,1
e_D436,T324,1
e_D436,T325,1
e_D437,T589,1
e_D438,T334,1
e_D439,T294,1
e_D439,T295,1
e_D440,T326,1
e_D440,T339,1
e_D440,T341,1
e_D440,T342,1
e_D441,T90,1
e_D441,T484,1
e_D442,T89,1
e_D442,T91,1
e_D442,T97,1
e_D442,T348,1
e_D443,T256,1
e_D444,T325,1
e_D445,T118,1
gpcr_D1,T59,1
gpcr_D2,T25,1
gpcr_D2,T26,1
gpcr_D3,T80,1
gpcr_D4,T93,1
gpcr_D5,T18,1
gpcr_D5,T22,1
gpcr_D5,T23,1
gpcr_D6,T83,1
gpcr_D7,T25,1
gpcr_D7,T27,1
gpcr_D7,T63,1
gpcr_D8,T4,1
gpcr_D8,T5,1
gpcr_D8,T6,1
gpcr_D8,T7,1
gpcr_D8,T8,1
gpcr_D9,T19,1
gpcr_D9,T20,1
gpcr_D9,T26,1
gpcr_D9,T27,1
gpcr_D10,T60,1
gpcr_D11,T76,1
gpcr_D11,T77,1
gpcr_D11,T80,1
gpcr_D12,T60,1
gpcr_D13,T12,1
gpcr_D13,T13,1
gpcr_D13,T15,1
gpcr_D14,T4,1
gpcr_D14,T5,1
gpcr_D14,T6,1
gpcr_D15,T3,1
gpcr_D15,T45,1
gpcr_D15,T81,1
gpcr_D16,T22,1
gpcr_D16,T23,1
gpcr_D17,T35,1
gpcr_D18,T16,1
gpcr_D18,T17,1
gpcr_D18,T18,1
gpcr_D18,T19,1
gpcr_D18,T20,1
gpcr_D18,T22,1
gpcr_D18,T23,1
gpcr_D18,T24,1
gpcr_D19,T19,1
gpcr_D19,T20,1
gpcr_D19,T25,1
gpcr_D19,T26,1
gpcr_D19,T27,1
gpcr_D19,T29,1
gpcr_D19,T52,1
gpcr_D20,T4,1
gpcr_D20,T5,1
gpcr_D20,T55,1
gpcr_D21,T16,1
gpcr_D21,T17,1
gpcr_D21,T18,1
gpcr_D21,T19,1
gpcr_D21,T20,1
gpcr_D21,T21,1
gpcr_D22,T4,1
gpcr_D22,T5,1
gpcr_D22,T16,1
gpcr_D22,T17,1
gpcr_D22,T18,1
gpcr_D22,T19,1
gpcr_D22,T20,1
gpcr_D22,T25,1
gpcr_D22,T26,1
gpcr_D22,T28,1
gpcr_D22,T29,1
gpcr_D22,T45,1
gpcr_D22,T47,1
gpcr_D22,T48,1
gpcr_D22,T49,1
gpcr_D22,T50,1
gpcr_D22,T51,1
gpcr_D22,T52,1
gpcr_D22,T53,1
gpcr_D22,T54,1
gpcr_D22,T55,1
gpcr_D22,T56,1
gpcr_D22,T57,1
gpcr_D22,T58,1
gpcr_D22,T81,1
gpcr_D23,T46,1
gpcr_D24,T3,1
gpcr_D24,T45,1
gpcr_D24,T81,1
gpcr_D25,T64,1
gpcr_D26,T11,1
gpcr_D27,T3,1
gpcr_D27,T46,1
gpcr_D27,T81,1
gpcr_D28,T12,1
gpcr_D28,T19,1
gpcr_D29,T88,1
gpcr_D30,T79,1
gpcr_D31,T45,1
gpcr_D32,T14,1
gpcr_D33,T60,1
gpcr_D34,T60,1
gpcr_D35,T4,1
gpcr_D35,T5,1
gpcr_D35,T7,1
gpcr_D36,T30,1
gpcr_D37,T60,1
gpcr_D38,T2,1
gpcr_D38,T10,1
gpcr_D38,T72,1
gpcr_D38,T73,1
gpcr_D39,T48,1
gpcr_D39,T49,1
gpcr_D40,T77,1
gpcr_D40,T78,1
gpcr_D41,T46,1
gpcr_D42,T16,1
gpcr_D42,T17,1
gpcr_D42,T18,1
gpcr_D42,T52,1
gpcr_D43,T22,1
gpcr_D43,T23,1
gpcr_D43,T24,1
gpcr_D44,T16,1
gpcr_D44,T17,1
gpcr_D44,T18,1
gpcr_D44,T19,1
gpcr_D44,T20,1
gpcr_D44,T22,1
gpcr_D44,T23,1
gpcr_D44,T24,1
gpcr_D44,T60,1
gpcr_D45,T46,1
gpcr_D46,T84,1
gpcr_D46,T85,1
gpcr_D47,T30,1
gpcr_D48,T47,1
gpcr_D48,T48,1
gpcr_D48,T49,1
gpcr_D48,T50,1
gpcr_D48,T51,1
gpcr_D48,T52,1
gpcr_D48,T53,1
gpcr_D48,T54,1
gpcr_D48,T55,1
gpcr_D48,T56,1
gpcr_D48,T57,1
gpcr_D49,T4,1
gpcr_D49,T5,1
gpcr_D49,T6,1
gpcr_D49,T7,1
gpcr_D49,T8,1
gpcr_D49,T16,1
gpcr_D49,T17,1
gpcr_D49,T18,1
gpcr_D49,T19,1
gpcr_D49,T20,1
gpcr_D49,T22,1
gpcr_D49,T23,1
gpcr_D49,T24,1
gpcr_D49,T25,1
gpcr_D49,T26,1
gpcr_D49,T27,1
gpcr_D49,T28,1
gpcr_D49,T29,1
gpcr_D49,T45,1
gpcr_D49,T52,1
gpcr_D49,T54,1
gpcr_D49,T57,1
gpcr_D50,T4,1
gpcr_D50,T5,1
gpcr_D51,T45,1
gpcr_D52,T22,1
gpcr_D52,T23,1
gpcr_D52,T24,1
gpcr_D53,T25,1
gpcr_D53,T26,1
gpcr_D53,T27,1
gpcr_D53,T29,1
gpcr_D53,T45,1
gpcr_D53,T52,1
gpcr_D54,T3,1
gpcr_D54,T4,1
gpcr_D54,T5,1
gpcr_D54,T6,1
gpcr_D54,T7,1
gpcr_D54,T8,1
gpcr_D54,T18,1
gpcr_D54,T26,1
gpcr_D54,T45,1
gpcr_D54,T52,1
gpcr_D54,T81,1
gpcr_D55,T64,1
gpcr_D56,T90,1
gpcr_D57,T18,1
gpcr_D57,T25,1
gpcr_D57,T26,1
gpcr_D57,T27,1
gpcr_D58,T16,1
gpcr_D58,T17,1
gpcr_D58,T18,1
gpcr_D58,T19,1
gpcr_D58,T20,1
gpcr_D58,T21,1
gpcr_D59,T16,1
gpcr_D59,T17,1
gpcr_D59,T18,1
gpcr_D59,T19,1
gpcr_D59,T20,1
gpcr_D59,T22,1
gpcr_D59,T23,1
gpcr_D59,T24,1
gpcr_D59,T47,1
gpcr_D59,T48,1
gpcr_D59,T49,1
gpcr_D59,T50,1
gpcr_D59,T51,1
gpcr_D59,T52,1
gpcr_D59,T53,1
gpcr_D59,T54,1
gpcr_D59,T55,1
gpcr_D59,T56,1
gpcr_D59,T57,1
gpcr_D60,T19,1
gpcr_D61,T45,1
gpcr_D62,T45,1
gpcr_D63,T30,1
gpcr_D64,T30,1
gpcr_D65,T4,1
gpcr_D65,T5,1
gpcr_D65,T90,1
gpcr_D66,T4,1
gpcr_D67,T1,1
gpcr_D67,T12,1
gpcr_D67,T13,1
gpcr_D67,T14,1
gpcr_D67,T15,1
gpcr_D67,T36,1
gpcr_D67,T60,1
gpcr_D67,T65,1
gpcr_D67,T66,1
gpcr_D67,T67,1
gpcr_D67,T68,1
gpcr_D67,T69,1
gpcr_D67,T83,1
gpcr_D67,T95,1
gpcr_D68,T4,1
gpcr_D68,T5,1
gpcr_D69,T60,1
gpcr_D70,T27,1
gpcr_D71,T25,1
gpcr_D71,T26,1
gpcr_D71,T27,1
gpcr_D71,T29,1
gpcr_D71,T62,1
gpcr_D72,T19,1
gpcr_D72,T20,1
gpcr_D72,T52,1
gpcr_D72,T54,1
gpcr_D73,T60,1
gpcr_D74,T22,1
gpcr_D74,T23,1
gpcr_D75,T22,1
gpcr_D75,T23,1
gpcr_D76,T16,1
gpcr_D76,T19,1
gpcr_D76,T20,1
gpcr_D76,T21,1
gpcr_D77,T19,1
gpcr_D77,T20,1
gpcr_D77,T21,1
gpcr_D78,T16,1
gpcr_D78,T17,1
gpcr_D78,T18,1
gpcr_D78,T19,1
gpcr_D78,T20,1
gpcr_D78,T21,1
gpcr_D79,T16,1
gpcr_D79,T17,1
gpcr_D79,T18,1
gpcr_D79,T19,1
gpcr_D79,T20,1
gpcr_D79,T21,1
gpcr_D80,T19,1
gpcr_D80,T20,1
gpcr_D80,T21,1
gpcr_D80,T25,1
gpcr_D80,T29,1
gpcr_D81,T30,1
gpcr_D82,T22,1
gpcr_D82,T23,1
gpcr_D83,T22,1
gpcr_D83,T23,1
gpcr_D84,T22,1
gpcr_D84,T23,1
gpcr_D85,T4,1
gpcr_D85,T5,1
gpcr_D86,T45,1
gpcr_D87,T45,1
gpcr_D88,T46,1
gpcr_D89,T51,1
gpcr_D90,T48,1
gpcr_D90,T49,1
gpcr_D91,T48,1
gpcr_D91,T49,1
gpcr_D91,T51,1
gpcr_D92,T76,1
gpcr_D93,T23,1
gpcr_D94,T23,1
gpcr_D95,T23,1
gpcr_D96,T23,1
gpcr_D97,T4,1
gpcr_D98,T4,1
gpcr_D98,T26,1
gpcr_D98,T27,1
gpcr_D98,T47,1
gpcr_D98,T48,1
gpcr_D98,T49,1
gpcr_D98,T50,1
gpcr_D98,T51,1
gpcr_D98,T52,1
gpcr_D98,T53,1
gpcr_D98,T54,1
gpcr_D98,T55,1
gpcr_D98,T56,1
gpcr_D98,T57,1
gpcr_D98,T90,1
gpcr_D99,T5,1
gpcr_D100,T5,1
gpcr_D101,T83,1
gpcr_D102,T37,1
gpcr_D102,T38,1
gpcr_D102,T39,1
gpcr_D102,T40,1
gpcr_D102,T41,1
gpcr_D102,T42,1
gpcr_D102,T43,1
gpcr_D102,T44,1
gpcr_D103,T4,1
gpcr_D103,T5,1
gpcr_D104,T26,1
gpcr_D105,T25,1
gpcr_D105,T26,1
gpcr_D106,T63,1
gpcr_D106,T64,1
gpcr_D107,T63,1
gpcr_D107,T64,1
gpcr_D108,T64,1
gpcr_D109,T18,1
gpcr_D110,T18,1
gpcr_D111,T26,1
gpcr_D112,T16,1
gpcr_D112,T17,1
gpcr_D112,T18,1
gpcr_D112,T19,1
gpcr_D112,T20,1
gpcr_D112,T21,1
gpcr_D112,T22,1
gpcr_D112,T23,1
gpcr_D112,T24,1
gpcr_D113,T16,1
gpcr_D113,T17,1
gpcr_D113,T18,1
gpcr_D114,T16,1
gpcr_D114,T17,1
gpcr_D114,T18,1
gpcr_D114,T19,1
gpcr_D114,T20,1
gpcr_D114,T21,1
gpcr_D115,T16,1
gpcr_D115,T17,1
gpcr_D115,T18,1
gpcr_D116,T16,1
gpcr_D116,T17,1
gpcr_D116,T18,1
gpcr_D116,T47,1
gpcr_D116,T52,1
gpcr_D116,T58,1
gpcr_D117,T60,1
gpcr_D118,T4,1
gpcr_D119,T4,1
gpcr_D120,T33,1
gpcr_D121,T26,1
gpcr_D121,T27,1
gpcr_D121,T47,1
gpcr_D121,T52,1
gpcr_D121,T53,1
gpcr_D121,T54,1
gpcr_D122,T31,1
gpcr_D122,T32,1
gpcr_D123,T70,1
gpcr_D123,T71,1
gpcr_D124,T45,1
gpcr_D125,T4,1
gpcr_D126,T25,1
gpcr_D126,T26,1
gpcr_D126,T27,1
gpcr_D126,T29,1
gpcr_D126,T45,1
gpcr_D127,T4,1
gpcr_D128,T45,1
gpcr_D129,T45,1
gpcr_D130,T44,1
gpcr_D131,T79,1
gpcr_D131,T80,1
gpcr_D132,T16,1
gpcr_D132,T17,1
gpcr_D132,T18,1
gpcr_D132,T52,1
gpcr_D133,T23,1
gpcr_D134,T22,1
gpcr_D134,T23,1
gpcr_D134,T24,1
gpcr_D135,T94,1
gpcr_D136,T22,1
gpcr_D136,T23,1
gpcr_D136,T24,1
gpcr_D137,T26,1
gpcr_D138,T16,1
gpcr_D138,T17,1
gpcr_D138,T18,1
gpcr_D138,T19,1
gpcr_D138,T20,1
gpcr_D138,T21,1
gpcr_D139,T74,1
gpcr_D140,T18,1
gpcr_D141,T6,1
gpcr_D142,T12,1
gpcr_D142,T13,1
gpcr_D143,T16,1
gpcr_D143,T17,1
gpcr_D143,T18,1
gpcr_D143,T19,1
gpcr_D143,T20,1
gpcr_D143,T45,1
gpcr_D143,T46,1
gpcr_D143,T52,1
gpcr_D144,T34,1
gpcr_D144,T45,1
gpcr_D145,T26,1
gpcr_D146,T45,1
gpcr_D147,T2,1
gpcr_D148,T4,1
gpcr_D148,T5,1
gpcr_D148,T6,1
gpcr_D148,T7,1
gpcr_D148,T8,1
gpcr_D149,T78,1
gpcr_D150,T89,1
gpcr_D151,T79,1
gpcr_D152,T16,1
gpcr_D152,T17,1
gpcr_D152,T18,1
gpcr_D153,T47,1
gpcr_D153,T48,1
gpcr_D153,T49,1
gpcr_D153,T50,1
gpcr_D153,T51,1
gpcr_D153,T53,1
gpcr_D153,T58,1
gpcr_D154,T55,1
gpcr_D155,T89,1
gpcr_D156,T22,1
gpcr_D156,T23,1
gpcr_D156,T24,1
gpcr_D157,T4,1
gpcr_D157,T5,1
gpcr_D157,T6,1
gpcr_D157,T7,1
gpcr_D157,T8,1
gpcr_D158,T19,1
gpcr_D158,T20,1
gpcr_D158,T21,1
gpcr_D159,T30,1
gpcr_D160,T23,1
gpcr_D161,T16,1
gpcr_D161,T17,1
gpcr_D161,T18,1
gpcr_D161,T19,1
gpcr_D161,T20,1
gpcr_D161,T21,1
gpcr_D161,T22,1
gpcr_D161,T23,1
gpcr_D161,T24,1
gpcr_D162,T22,1
gpcr_D162,T23,1
gpcr_D162,T24,1
gpcr_D163,T16,1
gpcr_D163,T17,1
gpcr_D163,T18,1
gpcr_D164,T16,1
gpcr_D164,T17,1
gpcr_D164,T18,1
gpcr_D164,T19,1
gpcr_D164,T20,1
gpcr_D164,T21,1
gpcr_D165,T85,1
gpcr_D165,T86,1
gpcr_D165,T87,1
gpcr_D166,T33,1
gpcr_D167,T33,1
gpcr_D168,T4,1
gpcr_D168,T45,1
gpcr_D169,T22,1
gpcr_D169,T23,1
gpcr_D169,T24,1
gpcr_D170,T26,1
gpcr_D170,T27,1
gpcr_D170,T52,1
gpcr_D171,T22,1
gpcr_D171,T23,1
gpcr_D172,T19,1
gpcr_D173,T4,1
gpcr_D173,T5,1
gpcr_D173,T6,1
gpcr_D173,T7,1
gpcr_D173,T8,1
gpcr_D173,T25,1
gpcr_D173,T26,1
gpcr_D173,T28,1
gpcr_D173,T45,1
gpcr_D173,T52,1
gpcr_D173,T54,1
gpcr_D174,T4,1
gpcr_D174,T5,1
gpcr_D174,T16,1
gpcr_D174,T17,1
gpcr_D174,T18,1
gpcr_D174,T19,1
gpcr_D174,T20,1
gpcr_D175,T52,1
gpcr_D176,T22,1
gpcr_D177,T23,1
gpcr_D178,T4,1
gpcr_D178,T5,1
gpcr_D178,T6,1
gpcr_D178,T7,1
gpcr_D178,T8,1
gpcr_D178,T16,1
gpcr_D178,T17,1
gpcr_D178,T18,1
gpcr_D178,T25,1
gpcr_D178,T26,1
gpcr_D178,T28,1
gpcr_D178,T45,1
gpcr_D178,T52,1
gpcr_D178,T54,1
gpcr_D179,T22,1
gpcr_D179,T23,1
gpcr_D179,T24,1
gpcr_D180,T3,1
gpcr_D180,T18,1
gpcr_D180,T45,1
gpcr_D180,T81,1
gpcr_D181,T54,1
gpcr_D181,T61,1
gpcr_D182,T89,1
gpcr_D183,T22,1
gpcr_D184,T25,1
gpcr_D184,T26,1
gpcr_D184,T27,1
gpcr_D184,T29,1
gpcr_D184,T52,1
gpcr_D185,T76,1
gpcr_D185,T80,1
gpcr_D186,T76,1
gpcr_D186,T78,1
gpcr_D187,T48,1
gpcr_D187,T49,1
gpcr_D188,T12,1
gpcr_D188,T13,1
gpcr_D189,T18,1
gpcr_D189,T22,1
gpcr_D190,T26,1
gpcr_D191,T77,1
gpcr_D192,T9,1
gpcr_D193,T19,1
gpcr_D193,T20,1
gpcr_D193,T21,1
gpcr_D194,T90,1
gpcr_D195,T22,1
gpcr_D195,T23,1
gpcr_D195,T24,1
gpcr_D196,T91,1
gpcr_D196,T92,1
gpcr_D197,T22,1
gpcr_D197,T23,1
gpcr_D198,T46,1
gpcr_D199,T4,1
gpcr_D199,T5,1
gpcr_D199,T6,1
gpcr_D199,T45,1
gpcr_D200,T88,1
gpcr_D201,T6,1
gpcr_D202,T4,1
gpcr_D202,T5,1
gpcr_D202,T6,1
gpcr_D203,T22,1
gpcr_D203,T23,1
gpcr_D203,T24,1
gpcr_D204,T22,1
gpcr_D204,T23,1
gpcr_D205,T22,1
gpcr_D205,T23,1
gpcr_D206,T38,1
gpcr_D206,T39,1
gpcr_D206,T42,1
gpcr_D206,T44,1
gpcr_D207,T14,1
gpcr_D208,T19,1
gpcr_D208,T20,1
gpcr_D208,T21,1
gpcr_D209,T30,1
gpcr_D210,T19,1
gpcr_D211,T22,1
gpcr_D212,T64,1
gpcr_D213,T45,1
gpcr_D214,T64,1
gpcr_D215,T2,1
gpcr_D215,T45,1
gpcr_D215,T73,1
gpcr_D215,T75,1
gpcr_D216,T30,1
gpcr_D217,T62,1
gpcr_D217,T63,1
gpcr_D217,T64,1
gpcr_D218,T82,1
gpcr_D219,T48,1
gpcr_D219,T49,1
gpcr_D220,T23,1
gpcr_D221,T64,1
gpcr_D222,T55,1
gpcr_D223,T55,1
ic_D1,T5,1
ic_D1,T166,1
ic_D2,T6,1
ic_D2,T153,1
ic_D2,T157,1
ic_D2,T162,1
ic_D2,T163,1
ic_D2,T164,1
ic_D2,T165,1
ic_D3,T18,1
ic_D3,T61,1
ic_D3,T62,1
ic_D3,T63,1
ic_D3,T64,1
ic_D3,T65,1
ic_D4,T7,1
ic_D4,T8,1
ic_D4,T9,1
ic_D4,T10,1
ic_D4,T11,1
ic_D4,T12,1
ic_D4,T132,1
ic_D4,T139,1
ic_D4,T191,1
ic_D5,T90,1
ic_D6,T26,1
ic_D6,T27,1
ic_D6,T28,1
ic_D6,T29,1
ic_D6,T30,1
ic_D6,T31,1
ic_D6,T32,1
ic_D6,T33,1
ic_D6,T34,1
ic_D6,T35,1
ic_D6,T36,1
ic_D6,T37,1
ic_D6,T38,1
ic_D6,T39,1
ic_D6,T135,1
ic_D7,T4,1
ic_D7,T111,1
ic_D7,T144,1
ic_D7,T145,1
ic_D7,T146,1
ic_D8,T163,1
ic_D8,T165,1
ic_D9,T89,1
ic_D10,T127,1
ic_D10,T131,1
ic_D10,T134,1
ic_D10,T148,1
ic_D10,T150,1
ic_D10,T151,1
ic_D10,T152,1
ic_D10,T153,1
ic_D10,T154,1
ic_D10,T157,1
ic_D10,T158,1
ic_D10,T159,1
ic_D10,T160,1
ic_D10,T161,1
ic_D10,T200,1
ic_D11,T89,1
ic_D12,T50,1
ic_D12,T66,1
ic_D12,T197,1
ic_D13,T26,1
ic_D13,T27,1
ic_D13,T28,1
ic_D13,T29,1
ic_D13,T30,1
ic_D13,T31,1
ic_D13,T32,1
ic_D13,T33,1
ic_D13,T34,1
ic_D13,T35,1
ic_D13,T36,1
ic_D13,T37,1
ic_D13,T38,1
ic_D13,T39,1
ic_D13,T40,1
ic_D13,T47,1
ic_D13,T48,1
ic_D13,T49,1
ic_D13,T135,1
ic_D14,T1,1
ic_D14,T20,1
ic_D14,T24,1
ic_D14,T25,1
ic_D14,T41,1
ic_D14,T42,1
ic_D14,T44,1
ic_D14,T45,1
ic_D14,T46,1
ic_D14,T51,1
ic_D14,T52,1
ic_D14,T53,1
ic_D14,T54,1
ic_D14,T69,1
ic_D14,T70,1
ic_D14,T71,1
ic_D14,T72,1
ic_D14,T73,1
ic_D14,T74,1
ic_D14,T75,1
ic_D14,T76,1
ic_D14,T77,1
ic_D14,T78,1
ic_D14,T79,1
ic_D14,T80,1
ic_D14,T81,1
ic_D14,T82,1
ic_D14,T83,1
ic_D14,T84,1
ic_D14,T85,1
ic_D14,T86,1
ic_D14,T87,1
ic_D14,T88,1
ic_D14,T89,1
ic_D14,T90,1
ic_D14,T91,1
ic_D14,T92,1
ic_D14,T93,1
ic_D14,T94,1
ic_D14,T95,1
ic_D14,T96,1
ic_D14,T97,1
ic_D14,T98,1
ic_D14,T100,1
ic_D14,T101,1
ic_D14,T102,1
ic_D14,T103,1
ic_D14,T104,1
ic_D14,T106,1
ic_D14,T107,1
ic_D14,T108,1
ic_D14,T109,1
ic_D14,T110,1
ic_D14,T111,1
ic_D14,T112,1
ic_D14,T113,1
ic_D14,T114,1
ic_D14,T115,1
ic_D14,T116,1
ic_D14,T117,1
ic_D14,T125,1
ic_D14,T126,1
ic_D14,T129,1
ic_D14,T136,1
ic_D14,T137,1
ic_D14,T141,1
ic_D14,T143,1
ic_D14,T167,1
ic_D14,T182,1
ic_D14,T184,1
ic_D14,T185,1
ic_D14,T186,1
ic_D14,T187,1
ic_D14,T192,1
ic_D14,T194,1
ic_D14,T196,1
ic_D14,T199,1
ic_D14,T201,1
ic_D14,T203,1
ic_D14,T204,1
ic_D15,T127,1
ic_D15,T131,1
ic_D15,T134,1
ic_D15,T148,1
ic_D15,T150,1
ic_D15,T151,1
ic_D15,T152,1
ic_D15,T153,1
ic_D15,T154,1
ic_D15,T157,1
ic_D15,T158,1
ic_D15,T159,1
ic_D15,T160,1
ic_D15,T161,1
ic_D15,T200,1
ic_D16,T169,1
ic_D16,T171,1
ic_D16,T172,1
ic_D16,T174,1
ic_D16,T175,1
ic_D17,T95,1
ic_D17,T108,1
ic_D17,T109,1
ic_D17,T110,1
ic_D18,T26,1
ic_D18,T27,1
ic_D18,T28,1
ic_D18,T29,1
ic_D18,T30,1
ic_D18,T31,1
ic_D18,T32,1
ic_D18,T33,1
ic_D18,T34,1
ic_D18,T35,1
ic_D18,T36,1
ic_D18,T37,1
ic_D18,T38,1
ic_D18,T39,1
ic_D18,T135,1
ic_D19,T26,1
ic_D19,T27,1
ic_D19,T28,1
ic_D19,T29,1
ic_D19,T30,1
ic_D19,T31,1
ic_D20,T3,1
ic_D20,T17,1
ic_D20,T43,1
ic_D20,T67,1
ic_D20,T68,1
ic_D20,T127,1
ic_D20,T128,1
ic_D20,T130,1
ic_D20,T131,1
ic_D20,T133,1
ic_D20,T134,1
ic_D20,T142,1
ic_D20,T144,1
ic_D20,T145,1
ic_D20,T146,1
ic_D20,T148,1
ic_D20,T150,1
ic_D20,T151,1
ic_D20,T152,1
ic_D20,T153,1
ic_D20,T154,1
ic_D20,T157,1
ic_D20,T158,1
ic_D20,T159,1
ic_D20,T160,1
ic_D20,T161,1
ic_D20,T169,1
ic_D20,T170,1
ic_D20,T171,1
ic_D20,T172,1
ic_D20,T173,1
ic_D20,T174,1
ic_D20,T175,1
ic_D20,T176,1
ic_D20,T177,1
ic_D20,T178,1
ic_D20,T179,1
ic_D20,T180,1
ic_D20,T181,1
ic_D20,T188,1
ic_D20,T189,1
ic_D20,T190,1
ic_D20,T193,1
ic_D20,T198,1
ic_D20,T200,1
ic_D20,T202,1
ic_D21,T90,1
ic_D21,T99,1
ic_D22,T4,1
ic_D22,T90,1
ic_D22,T167,1
ic_D23,T26,1
ic_D24,T106,1
ic_D25,T85,1
ic_D25,T112,1
ic_D26,T171,1
ic_D26,T172,1
ic_D26,T174,1
ic_D26,T175,1
ic_D26,T176,1
ic_D26,T178,1
ic_D26,T181,1
ic_D26,T188,1
ic_D26,T189,1
ic_D26,T190,1
ic_D26,T202,1
ic_D27,T76,1
ic_D27,T89,1
ic_D27,T111,1
ic_D28,T147,1
ic_D28,T149,1
ic_D28,T150,1
ic_D28,T151,1
ic_D28,T153,1
ic_D28,T155,1
ic_D28,T156,1
ic_D29,T147,1
ic_D29,T149,1
ic_D29,T150,1
ic_D29,T151,1
ic_D29,T153,1
ic_D29,T155,1
ic_D29,T156,1
ic_D29,T157,1
ic_D29,T187,1
ic_D30,T73,1
ic_D31,T163,1
ic_D31,T164,1
ic_D32,T95,1
ic_D33,T90,1
ic_D33,T99,1
ic_D34,T90,1
ic_D34,T167,1
ic_D35,T190,1
ic_D36,T163,1
ic_D36,T165,1
ic_D37,T90,1
ic_D38,T3,1
ic_D38,T43,1
ic_D38,T67,1
ic_D38,T68,1
ic_D38,T128,1
ic_D38,T130,1
ic_D38,T133,1
ic_D38,T142,1
ic_D38,T144,1
ic_D38,T145,1
ic_D38,T146,1
ic_D38,T169,1
ic_D38,T170,1
ic_D38,T171,1
ic_D38,T172,1
ic_D38,T173,1
ic_D38,T174,1
ic_D38,T175,1
ic_D38,T176,1
ic_D38,T177,1
ic_D38,T178,1
ic_D38,T179,1
ic_D38,T180,1
ic_D38,T181,1
ic_D38,T188,1
ic_D38,T189,1
ic_D38,T190,1
ic_D38,T193,1
ic_D38,T198,1
ic_D38,T202,1
ic_D39,T171,1
ic_D39,T172,1
ic_D39,T174,1
ic_D39,T178,1
ic_D39,T181,1
ic_D39,T202,1
ic_D40,T50,1
ic_D40,T66,1
ic_D40,T197,1
ic_D41,T66,1
ic_D42,T26,1
ic_D43,T26,1
ic_D44,T147,1
ic_D44,T149,1
ic_D44,T150,1
ic_D44,T151,1
ic_D44,T153,1
ic_D44,T155,1
ic_D44,T156,1
ic_D45,T110,1
ic_D46,T188,1
ic_D47,T8,1
ic_D47,T9,1
ic_D47,T10,1
ic_D47,T14,1
ic_D47,T16,1
ic_D47,T26,1
ic_D47,T27,1
ic_D47,T28,1
ic_D47,T29,1
ic_D47,T30,1
ic_D47,T31,1
ic_D47,T32,1
ic_D47,T33,1
ic_D47,T34,1
ic_D47,T35,1
ic_D47,T36,1
ic_D47,T37,1
ic_D47,T38,1
ic_D47,T39,1
ic_D47,T132,1
ic_D47,T135,1
ic_D47,T139,1
ic_D47,T191,1
ic_D48,T147,1
ic_D49,T3,1
ic_D49,T43,1
ic_D49,T67,1
ic_D49,T68,1
ic_D49,T127,1
ic_D49,T128,1
ic_D49,T130,1
ic_D49,T131,1
ic_D49,T133,1
ic_D49,T134,1
ic_D49,T142,1
ic_D49,T144,1
ic_D49,T145,1
ic_D49,T146,1
ic_D49,T148,1
ic_D49,T150,1
ic_D49,T151,1
ic_D49,T152,1
ic_D49,T153,1
ic_D49,T154,1
ic_D49,T157,1
ic_D49,T158,1
ic_D49,T159,1
ic_D49,T160,1
ic_D49,T161,1
ic_D49,T169,1
ic_D49,T170,1
ic_D49,T171,1
ic_D49,T172,1
ic_D49,T173,1
ic_D49,T174,1
ic_D49,T175,1
ic_D49,T176,1
ic_D49,T177,1
ic_D49,T178,1
ic_D49,T179,1
ic_D49,T180,1
ic_D49,T181,1
ic_D49,T188,1
ic_D49,T189,1
ic_D49,T190,1
ic_D49,T193,1
ic_D49,T198,1
ic_D49,T200,1
ic_D49,T202,1
ic_D50,T50,1
ic_D50,T66,1
ic_D50,T197,1
ic_D51,T106,1
ic_D52,T89,1
ic_D53,T8,1
ic_D53,T9,1
ic_D53,T10,1
ic_D53,T14,1
ic_D53,T16,1
ic_D53,T132,1
ic_D53,T139,1
ic_D53,T191,1
ic_D54,T23,1
ic_D54,T120,1
ic_D54,T121,1
ic_D54,T122,1
ic_D54,T123,1
ic_D54,T124,1
ic_D54,T144,1
ic_D54,T145,1
ic_D54,T146,1
ic_D54,T195,1
ic_D55,T26,1
ic_D55,T27,1
ic_D55,T28,1
ic_D55,T29,1
ic_D55,T30,1
ic_D55,T31,1
ic_D55,T32,1
ic_D55,T33,1
ic_D55,T34,1
ic_D55,T35,1
ic_D55,T36,1
ic_D55,T37,1
ic_D55,T38,1
ic_D55,T39,1
ic_D55,T40,1
ic_D55,T135,1
ic_D56,T153,1
ic_D57,T17,1
ic_D57,T47,1
ic_D57,T48,1
ic_D57,T49,1
ic_D58,T26,1
ic_D58,T56,1
ic_D58,T147,1
ic_D59,T127,1
ic_D59,T131,1
ic_D59,T134,1
ic_D59,T147,1
ic_D59,T148,1
ic_D59,T150,1
ic_D59,T151,1
ic_D59,T152,1
ic_D59,T154,1
ic_D59,T157,1
ic_D59,T158,1
ic_D59,T159,1
ic_D59,T160,1
ic_D59,T161,1
ic_D59,T188,1
ic_D59,T189,1
ic_D59,T190,1
ic_D59,T200,1
ic_D60,T188,1
ic_D60,T189,1
ic_D60,T190,1
ic_D61,T3,1
ic_D61,T26,1
ic_D61,T43,1
ic_D61,T47,1
ic_D61,T51,1
ic_D61,T67,1
ic_D61,T68,1
ic_D61,T106,1
ic_D61,T111,1
ic_D61,T128,1
ic_D61,T130,1
ic_D61,T133,1
ic_D61,T137,1
ic_D61,T138,1
ic_D61,T142,1
ic_D61,T169,1
ic_D61,T170,1
ic_D61,T171,1
ic_D61,T172,1
ic_D61,T173,1
ic_D61,T174,1
ic_D61,T175,1
ic_D61,T176,1
ic_D61,T177,1
ic_D61,T178,1
ic_D61,T179,1
ic_D61,T180,1
ic_D61,T181,1
ic_D61,T188,1
ic_D61,T189,1
ic_D61,T190,1
ic_D61,T193,1
ic_D61,T198,1
ic_D61,T202,1
ic_D62,T26,1
ic_D62,T47,1
ic_D62,T51,1
ic_D62,T69,1
ic_D63,T26,1
ic_D63,T47,1
ic_D63,T51,1
ic_D63,T69,1
ic_D64,T26,1
ic_D64,T27,1
ic_D64,T28,1
ic_D64,T29,1
ic_D64,T30,1
ic_D64,T31,1
ic_D64,T32,1
ic_D64,T33,1
ic_D64,T34,1
ic_D64,T35,1
ic_D64,T36,1
ic_D64,T37,1
ic_D64,T38,1
ic_D64,T39,1
ic_D64,T47,1
ic_D64,T51,1
ic_D64,T69,1
ic_D64,T135,1
ic_D65,T26,1
ic_D65,T47,1
ic_D65,T51,1
ic_D65,T69,1
ic_D66,T26,1
ic_D66,T27,1
ic_D66,T28,1
ic_D66,T29,1
ic_D66,T30,1
ic_D66,T31,1
ic_D66,T32,1
ic_D66,T33,1
ic_D66,T34,1
ic_D66,T35,1
ic_D66,T36,1
ic_D66,T37,1
ic_D66,T38,1
ic_D66,T39,1
ic_D66,T47,1
ic_D66,T48,1
ic_D66,T49,1
ic_D66,T51,1
ic_D66,T69,1
ic_D66,T135,1
ic_D67,T26,1
ic_D67,T27,1
ic_D67,T28,1
ic_D67,T29,1
ic_D67,T30,1
ic_D67,T31,1
ic_D67,T32,1
ic_D67,T33,1
ic_D67,T34,1
ic_D67,T35,1
ic_D67,T36,1
ic_D67,T37,1
ic_D67,T38,1
ic_D67,T39,1
ic_D67,T135,1
ic_D68,T26,1
ic_D68,T27,1
ic_D68,T28,1
ic_D68,T29,1
ic_D68,T30,1
ic_D68,T31,1
ic_D68,T32,1
ic_D68,T33,1
ic_D68,T34,1
ic_D68,T35,1
ic_D68,T36,1
ic_D68,T37,1
ic_D68,T38,1
ic_D68,T39,1
ic_D68,T40,1
ic_D68,T47,1
ic_D68,T48,1
ic_D68,T49,1
ic_D68,T135,1
ic_D69,T26,1
ic_D69,T27,1
ic_D69,T28,1
ic_D69,T29,1
ic_D69,T30,1
ic_D69,T31,1
ic_D69,T32,1
ic_D69,T33,1
ic_D69,T34,1
ic_D69,T35,1
ic_D69,T36,1
ic_D69,T37,1
ic_D69,T38,1
ic_D69,T39,1
ic_D69,T135,1
ic_D70,T127,1
ic_D70,T131,1
ic_D70,T134,1
ic_D70,T148,1
ic_D70,T150,1
ic_D70,T151,1
ic_D70,T152,1
ic_D70,T154,1
ic_D70,T157,1
ic_D70,T158,1
ic_D70,T159,1
ic_D70,T160,1
ic_D70,T161,1
ic_D70,T200,1
ic_D71,T153,1
ic_D72,T3,1
ic_D72,T43,1
ic_D72,T67,1
ic_D72,T68,1
ic_D72,T128,1
ic_D72,T130,1
ic_D72,T133,1
ic_D72,T142,1
ic_D72,T144,1
ic_D72,T145,1
ic_D72,T146,1
ic_D72,T169,1
ic_D72,T170,1
ic_D72,T171,1
ic_D72,T172,1
ic_D72,T173,1
ic_D72,T174,1
ic_D72,T175,1
ic_D72,T176,1
ic_D72,T177,1
ic_D72,T178,1
ic_D72,T179,1
ic_D72,T180,1
ic_D72,T181,1
ic_D72,T188,1
ic_D72,T189,1
ic_D72,T190,1
ic_D72,T193,1
ic_D72,T198,1
ic_D72,T202,1
ic_D73,T66,1
ic_D74,T14,1
ic_D75,T90,1
ic_D76,T90,1
ic_D77,T163,1
ic_D78,T7,1
ic_D78,T8,1
ic_D78,T9,1
ic_D78,T10,1
ic_D78,T11,1
ic_D78,T12,1
ic_D78,T132,1
ic_D78,T139,1
ic_D78,T191,1
ic_D79,T169,1
ic_D79,T171,1
ic_D79,T172,1
ic_D79,T174,1
ic_D79,T175,1
ic_D80,T69,1
ic_D80,T70,1
ic_D80,T71,1
ic_D80,T73,1
ic_D80,T78,1
ic_D80,T171,1
ic_D80,T174,1
ic_D80,T175,1
ic_D81,T72,1
ic_D81,T169,1
ic_D81,T171,1
ic_D81,T172,1
ic_D81,T174,1
ic_D81,T175,1
ic_D82,T3,1
ic_D82,T43,1
ic_D82,T67,1
ic_D82,T68,1
ic_D82,T128,1
ic_D82,T130,1
ic_D82,T133,1
ic_D82,T142,1
ic_D82,T144,1
ic_D82,T145,1
ic_D82,T146,1
ic_D82,T169,1
ic_D82,T170,1
ic_D82,T171,1
ic_D82,T172,1
ic_D82,T173,1
ic_D82,T174,1
ic_D82,T175,1
ic_D82,T176,1
ic_D82,T177,1
ic_D82,T178,1
ic_D82,T179,1
ic_D82,T180,1
ic_D82,T181,1
ic_D82,T188,1
ic_D82,T189,1
ic_D82,T190,1
ic_D82,T193,1
ic_D82,T198,1
ic_D82,T202,1
ic_D83,T71,1
ic_D83,T75,1
ic_D83,T76,1
ic_D83,T79,1
ic_D83,T95,1
ic_D83,T171,1
ic_D83,T175,1
ic_D84,T3,1
ic_D84,T43,1
ic_D84,T67,1
ic_D84,T68,1
ic_D84,T128,1
ic_D84,T130,1
ic_D84,T133,1
ic_D84,T142,1
ic_D84,T144,1
ic_D84,T145,1
ic_D84,T146,1
ic_D84,T169,1
ic_D84,T170,1
ic_D84,T171,1
ic_D84,T172,1
ic_D84,T173,1
ic_D84,T174,1
ic_D84,T175,1
ic_D84,T176,1
ic_D84,T177,1
ic_D84,T178,1
ic_D84,T179,1
ic_D84,T180,1
ic_D84,T181,1
ic_D84,T188,1
ic_D84,T189,1
ic_D84,T190,1
ic_D84,T193,1
ic_D84,T198,1
ic_D84,T202,1
ic_D85,T196,1
ic_D86,T21,1
ic_D86,T22,1
ic_D86,T50,1
ic_D86,T66,1
ic_D86,T197,1
ic_D87,T75,1
ic_D88,T69,1
ic_D88,T70,1
ic_D88,T73,1
ic_D88,T75,1
ic_D88,T78,1
ic_D88,T147,1
ic_D88,T149,1
ic_D88,T150,1
ic_D88,T151,1
ic_D88,T153,1
ic_D88,T155,1
ic_D88,T156,1
ic_D89,T147,1
ic_D89,T149,1
ic_D89,T150,1
ic_D89,T151,1
ic_D89,T153,1
ic_D89,T155,1
ic_D89,T156,1
ic_D90,T73,1
ic_D90,T147,1
ic_D90,T149,1
ic_D90,T150,1
ic_D90,T151,1
ic_D90,T153,1
ic_D90,T155,1
ic_D90,T156,1
ic_D90,T187,1
ic_D91,T45,1
ic_D91,T72,1
ic_D91,T73,1
ic_D91,T75,1
ic_D91,T88,1
ic_D91,T105,1
ic_D91,T129,1
ic_D91,T147,1
ic_D91,T149,1
ic_D91,T150,1
ic_D91,T151,1
ic_D91,T153,1
ic_D91,T155,1
ic_D91,T156,1
ic_D91,T185,1
ic_D91,T187,1
ic_D91,T203,1
ic_D92,T45,1
ic_D92,T89,1
ic_D92,T105,1
ic_D93,T89,1
ic_D93,T99,1
ic_D93,T104,1
ic_D93,T171,1
ic_D93,T176,1
ic_D93,T177,1
ic_D93,T181,1
ic_D93,T184,1
ic_D93,T194,1
ic_D93,T203,1
ic_D94,T118,1
ic_D94,T119,1
ic_D94,T127,1
ic_D94,T128,1
ic_D94,T131,1
ic_D94,T140,1
ic_D94,T158,1
ic_D94,T159,1
ic_D94,T160,1
ic_D94,T161,1
ic_D94,T168,1
ic_D94,T189,1
ic_D94,T190,1
ic_D94,T200,1
ic_D95,T106,1
ic_D96,T106,1
ic_D97,T106,1
ic_D98,T106,1
ic_D99,T106,1
ic_D100,T21,1
ic_D100,T22,1
ic_D100,T50,1
ic_D100,T66,1
ic_D100,T197,1
ic_D101,T21,1
ic_D101,T22,1
ic_D101,T50,1
ic_D101,T66,1
ic_D101,T197,1
ic_D102,T26,1
ic_D103,T26,1
ic_D104,T26,1
ic_D105,T153,1
ic_D106,T147,1
ic_D106,T190,1
ic_D107,T17,1
ic_D107,T18,1
ic_D107,T26,1
ic_D107,T27,1
ic_D107,T28,1
ic_D107,T29,1
ic_D107,T30,1
ic_D107,T31,1
ic_D107,T61,1
ic_D107,T62,1
ic_D107,T63,1
ic_D107,T64,1
ic_D107,T65,1
ic_D108,T7,1
ic_D108,T8,1
ic_D108,T9,1
ic_D108,T10,1
ic_D108,T12,1
ic_D108,T13,1
ic_D108,T14,1
ic_D108,T15,1
ic_D108,T16,1
ic_D108,T50,1
ic_D108,T66,1
ic_D108,T132,1
ic_D108,T139,1
ic_D108,T191,1
ic_D108,T197,1
ic_D109,T147,1
ic_D109,T149,1
ic_D109,T150,1
ic_D109,T151,1
ic_D109,T153,1
ic_D109,T155,1
ic_D109,T156,1
ic_D109,T157,1
ic_D109,T187,1
ic_D110,T153,1
ic_D110,T157,1
ic_D111,T147,1
ic_D111,T149,1
ic_D111,T150,1
ic_D111,T151,1
ic_D111,T153,1
ic_D111,T155,1
ic_D111,T156,1
ic_D111,T157,1
ic_D111,T187,1
ic_D112,T147,1
ic_D112,T149,1
ic_D112,T150,1
ic_D112,T151,1
ic_D112,T153,1
ic_D112,T155,1
ic_D112,T156,1
ic_D112,T157,1
ic_D112,T187,1
ic_D113,T147,1
ic_D113,T149,1
ic_D113,T150,1
ic_D113,T151,1
ic_D113,T153,1
ic_D113,T155,1
ic_D113,T156,1
ic_D113,T157,1
ic_D113,T187,1
ic_D114,T144,1
ic_D114,T145,1
ic_D114,T146,1
ic_D114,T147,1
ic_D114,T149,1
ic_D114,T150,1
ic_D114,T151,1
ic_D114,T153,1
ic_D114,T155,1
ic_D114,T156,1
ic_D114,T157,1
ic_D114,T187,1
ic_D115,T147,1
ic_D115,T149,1
ic_D115,T150,1
ic_D115,T151,1
ic_D115,T153,1
ic_D115,T155,1
ic_D115,T156,1
ic_D115,T157,1
ic_D115,T187,1
ic_D116,T8,1
ic_D117,T8,1
ic_D118,T8,1
ic_D119,T8,1
ic_D120,T106,1
ic_D121,T17,1
ic_D121,T51,1
ic_D121,T52,1
ic_D121,T53,1
ic_D121,T54,1
ic_D121,T55,1
ic_D121,T56,1
ic_D121,T58,1
ic_D121,T59,1
ic_D121,T60,1
ic_D121,T127,1
ic_D121,T131,1
ic_D121,T134,1
ic_D121,T148,1
ic_D121,T150,1
ic_D121,T151,1
ic_D121,T152,1
ic_D121,T153,1
ic_D121,T154,1
ic_D121,T157,1
ic_D121,T158,1
ic_D121,T159,1
ic_D121,T160,1
ic_D121,T161,1
ic_D121,T200,1
ic_D122,T8,1
ic_D123,T110,1
ic_D124,T95,1
ic_D125,T109,1
ic_D126,T109,1
ic_D126,T110,1
ic_D127,T110,1
ic_D128,T110,1
ic_D129,T95,1
ic_D129,T108,1
ic_D129,T109,1
ic_D129,T110,1
ic_D130,T112,1
ic_D131,T14,1
ic_D132,T14,1
ic_D133,T14,1
ic_D134,T26,1
ic_D135,T171,1
ic_D135,T176,1
ic_D135,T181,1
ic_D136,T90,1
ic_D137,T17,1
ic_D138,T110,1
ic_D139,T147,1
ic_D139,T149,1
ic_D139,T150,1
ic_D139,T151,1
ic_D139,T153,1
ic_D139,T155,1
ic_D139,T156,1
ic_D139,T157,1
ic_D139,T187,1
ic_D140,T26,1
ic_D141,T52,1
ic_D141,T106,1
ic_D142,T144,1
ic_D142,T145,1
ic_D142,T146,1
ic_D143,T147,1
ic_D143,T149,1
ic_D143,T150,1
ic_D143,T151,1
ic_D143,T153,1
ic_D143,T155,1
ic_D143,T156,1
ic_D143,T157,1
ic_D143,T187,1
ic_D144,T3,1
ic_D144,T43,1
ic_D144,T67,1
ic_D144,T68,1
ic_D144,T128,1
ic_D144,T130,1
ic_D144,T133,1
ic_D144,T142,1
ic_D144,T144,1
ic_D144,T145,1
ic_D144,T146,1
ic_D144,T169,1
ic_D144,T170,1
ic_D144,T171,1
ic_D144,T172,1
ic_D144,T173,1
ic_D144,T174,1
ic_D144,T175,1
ic_D144,T176,1
ic_D144,T177,1
ic_D144,T178,1
ic_D144,T179,1
ic_D144,T180,1
ic_D144,T181,1
ic_D144,T188,1
ic_D144,T189,1
ic_D144,T190,1
ic_D144,T193,1
ic_D144,T198,1
ic_D144,T202,1
ic_D145,T144,1
ic_D145,T145,1
ic_D145,T146,1
ic_D146,T109,1
ic_D147,T73,1
ic_D147,T84,1
ic_D147,T95,1
ic_D147,T147,1
ic_D147,T149,1
ic_D147,T150,1
ic_D147,T151,1
ic_D147,T153,1
ic_D147,T155,1
ic_D147,T156,1
ic_D147,T157,1
ic_D147,T187,1
ic_D148,T4,1
ic_D148,T111,1
ic_D148,T144,1
ic_D148,T145,1
ic_D148,T146,1
ic_D149,T108,1
ic_D150,T99,1
ic_D151,T163,1
ic_D152,T4,1
ic_D152,T111,1
ic_D152,T144,1
ic_D152,T145,1
ic_D152,T146,1
ic_D153,T157,1
ic_D154,T99,1
ic_D155,T167,1
ic_D156,T99,1
ic_D157,T171,1
ic_D157,T175,1
ic_D158,T21,1
ic_D158,T22,1
ic_D158,T47,1
ic_D158,T48,1
ic_D158,T50,1
ic_D158,T66,1
ic_D158,T183,1
ic_D158,T197,1
ic_D159,T147,1
ic_D159,T149,1
ic_D159,T150,1
ic_D159,T151,1
ic_D159,T153,1
ic_D159,T155,1
ic_D159,T156,1
ic_D159,T157,1
ic_D159,T187,1
ic_D160,T147,1
ic_D160,T149,1
ic_D160,T150,1
ic_D160,T151,1
ic_D160,T153,1
ic_D160,T155,1
ic_D160,T156,1
ic_D161,T147,1
ic_D161,T149,1
ic_D161,T150,1
ic_D161,T151,1
ic_D161,T153,1
ic_D161,T155,1
ic_D161,T156,1
ic_D162,T89,1
ic_D163,T147,1
ic_D163,T149,1
ic_D163,T150,1
ic_D163,T151,1
ic_D163,T153,1
ic_D163,T155,1
ic_D163,T156,1
ic_D163,T157,1
ic_D164,T7,1
ic_D164,T8,1
ic_D164,T9,1
ic_D164,T10,1
ic_D164,T11,1
ic_D164,T12,1
ic_D164,T132,1
ic_D164,T139,1
ic_D164,T191,1
ic_D165,T110,1
ic_D166,T7,1
ic_D166,T8,1
ic_D166,T9,1
ic_D166,T10,1
ic_D166,T11,1
ic_D166,T12,1
ic_D166,T132,1
ic_D166,T139,1
ic_D166,T191,1
ic_D167,T7,1
ic_D167,T8,1
ic_D167,T9,1
ic_D167,T10,1
ic_D167,T11,1
ic_D167,T12,1
ic_D167,T132,1
ic_D167,T139,1
ic_D167,T191,1
ic_D168,T7,1
ic_D168,T8,1
ic_D168,T9,1
ic_D168,T10,1
ic_D168,T11,1
ic_D168,T12,1
ic_D168,T26,1
ic_D168,T27,1
ic_D168,T28,1
ic_D168,T29,1
ic_D168,T30,1
ic_D168,T31,1
ic_D168,T108,1
ic_D168,T109,1
ic_D168,T132,1
ic_D168,T139,1
ic_D168,T191,1
ic_D169,T109,1
ic_D170,T163,1
ic_D171,T26,1
ic_D171,T27,1
ic_D171,T28,1
ic_D171,T29,1
ic_D171,T30,1
ic_D171,T31,1
ic_D172,T71,1
ic_D172,T201,1
ic_D173,T71,1
ic_D173,T201,1
ic_D174,T45,1
ic_D174,T72,1
ic_D174,T73,1
ic_D174,T75,1
ic_D174,T88,1
ic_D174,T105,1
ic_D174,T129,1
ic_D174,T147,1
ic_D174,T149,1
ic_D174,T150,1
ic_D174,T151,1
ic_D174,T153,1
ic_D174,T155,1
ic_D174,T156,1
ic_D174,T185,1
ic_D174,T187,1
ic_D174,T203,1
ic_D175,T144,1
ic_D176,T1,1
ic_D176,T2,1
ic_D176,T3,1
ic_D176,T20,1
ic_D176,T24,1
ic_D176,T25,1
ic_D176,T41,1
ic_D176,T42,1
ic_D176,T43,1
ic_D176,T44,1
ic_D176,T45,1
ic_D176,T46,1
ic_D176,T67,1
ic_D176,T68,1
ic_D176,T69,1
ic_D176,T70,1
ic_D176,T71,1
ic_D176,T72,1
ic_D176,T73,1
ic_D176,T74,1
ic_D176,T75,1
ic_D176,T76,1
ic_D176,T77,1
ic_D176,T78,1
ic_D176,T79,1
ic_D176,T80,1
ic_D176,T81,1
ic_D176,T82,1
ic_D176,T83,1
ic_D176,T84,1
ic_D176,T85,1
ic_D176,T86,1
ic_D176,T87,1
ic_D176,T88,1
ic_D176,T89,1
ic_D176,T90,1
ic_D176,T91,1
ic_D176,T92,1
ic_D176,T93,1
ic_D176,T94,1
ic_D176,T95,1
ic_D176,T96,1
ic_D176,T97,1
ic_D176,T98,1
ic_D176,T100,1
ic_D176,T101,1
ic_D176,T102,1
ic_D176,T103,1
ic_D176,T104,1
ic_D176,T106,1
ic_D176,T107,1
ic_D176,T108,1
ic_D176,T109,1
ic_D176,T110,1
ic_D176,T111,1
ic_D176,T112,1
ic_D176,T113,1
ic_D176,T114,1
ic_D176,T115,1
ic_D176,T116,1
ic_D176,T117,1
ic_D176,T125,1
ic_D176,T126,1
ic_D176,T127,1
ic_D176,T128,1
ic_D176,T129,1
ic_D176,T130,1
ic_D176,T131,1
ic_D176,T133,1
ic_D176,T134,1
ic_D176,T136,1
ic_D176,T137,1
ic_D176,T141,1
ic_D176,T142,1
ic_D176,T143,1
ic_D176,T144,1
ic_D176,T145,1
ic_D176,T146,1
ic_D176,T148,1
ic_D176,T150,1
ic_D176,T151,1
ic_D176,T152,1
ic_D176,T153,1
ic_D176,T154,1
ic_D176,T157,1
ic_D176,T158,1
ic_D176,T159,1
ic_D176,T160,1
ic_D176,T161,1
ic_D176,T169,1
ic_D176,T170,1
ic_D176,T171,1
ic_D176,T172,1
ic_D176,T173,1
ic_D176,T174,1
ic_D176,T175,1
ic_D176,T176,1
ic_D176,T177,1
ic_D176,T178,1
ic_D176,T179,1
ic_D176,T180,1
ic_D176,T181,1
ic_D176,T182,1
ic_D176,T184,1
ic_D176,T185,1
ic_D176,T186,1
ic_D176,T187,1
ic_D176,T188,1
ic_D176,T189,1
ic_D176,T190,1
ic_D176,T192,1
ic_D176,T193,1
ic_D176,T194,1
ic_D176,T196,1
ic_D176,T198,1
ic_D176,T199,1
ic_D176,T200,1
ic_D176,T201,1
ic_D176,T202,1
ic_D176,T203,1
ic_D176,T204,1
ic_D177,T165,1
ic_D178,T165,1
ic_D179,T4,1
ic_D179,T111,1
ic_D179,T144,1
ic_D179,T145,1
ic_D179,T146,1
ic_D180,T26,1
ic_D180,T27,1
ic_D180,T28,1
ic_D180,T29,1
ic_D180,T30,1
ic_D180,T31,1
ic_D181,T89,1
ic_D182,T56,1
ic_D182,T57,1
ic_D182,T58,1
ic_D182,T59,1
ic_D182,T60,1
ic_D183,T163,1
ic_D184,T188,1
ic_D184,T189,1
ic_D184,T190,1
ic_D185,T169,1
ic_D185,T171,1
ic_D185,T172,1
ic_D185,T174,1
ic_D185,T175,1
ic_D186,T112,1
ic_D187,T26,1
ic_D188,T109,1
ic_D188,T110,1
ic_D189,T8,1
ic_D189,T9,1
ic_D189,T14,1
ic_D189,T16,1
ic_D189,T66,1
ic_D189,T132,1
ic_D189,T139,1
ic_D189,T191,1
ic_D190,T111,1
ic_D191,T7,1
ic_D191,T8,1
ic_D191,T9,1
ic_D191,T10,1
ic_D191,T11,1
ic_D191,T12,1
ic_D191,T132,1
ic_D191,T139,1
ic_D191,T191,1
ic_D192,T8,1
ic_D192,T17,1
ic_D192,T165,1
ic_D193,T7,1
ic_D193,T8,1
ic_D193,T9,1
ic_D193,T10,1
ic_D193,T11,1
ic_D193,T12,1
ic_D193,T132,1
ic_D193,T139,1
ic_D193,T191,1
ic_D194,T69,1
ic_D194,T70,1
ic_D194,T71,1
ic_D194,T73,1
ic_D194,T78,1
ic_D194,T171,1
ic_D194,T174,1
ic_D194,T175,1
ic_D195,T17,1
ic_D195,T18,1
ic_D195,T61,1
ic_D195,T62,1
ic_D195,T63,1
ic_D195,T64,1
ic_D195,T65,1
ic_D195,T95,1
ic_D196,T147,1
ic_D196,T149,1
ic_D196,T150,1
ic_D196,T151,1
ic_D196,T153,1
ic_D196,T155,1
ic_D196,T156,1
ic_D197,T109,1
ic_D197,T110,1
ic_D198,T147,1
ic_D198,T149,1
ic_D198,T150,1
ic_D198,T151,1
ic_D198,T153,1
ic_D198,T155,1
ic_D198,T156,1
ic_D198,T157,1
ic_D198,T187,1
ic_D199,T66,1
ic_D200,T19,1
ic_D201,T26,1
ic_D202,T163,1
ic_D202,T164,1
ic_D203,T169,1
ic_D203,T173,1
ic_D203,T188,1
ic_D203,T189,1
ic_D203,T190,1
ic_D204,T153,1
ic_D205,T7,1
ic_D205,T8,1
ic_D205,T9,1
ic_D205,T10,1
ic_D205,T11,1
ic_D205,T12,1
ic_D205,T84,1
ic_D205,T132,1
ic_D205,T139,1
ic_D205,T191,1
ic_D206,T7,1
ic_D206,T8,1
ic_D206,T9,1
ic_D206,T10,1
ic_D206,T11,1
ic_D206,T12,1
ic_D206,T132,1
ic_D206,T139,1
ic_D206,T191,1
ic_D206,T201,1
ic_D207,T163,1
ic_D207,T164,1
ic_D208,T26,1
ic_D208,T27,1
ic_D208,T28,1
ic_D208,T29,1
ic_D208,T30,1
ic_D208,T31,1
ic_D209,T26,1
ic_D210,T153,1
nr_D1,T17,1
nr_D2,T2,1
nr_D2,T11,1
nr_D3,T2,1
nr_D4,T9,1
nr_D5,T7,1
nr_D6,T1,1
nr_D6,T14,1
nr_D6,T15,1
nr_D6,T16,1
nr_D6,T18,1
nr_D6,T19,1
nr_D6,T20,1
nr_D6,T21,1
nr_D6,T22,1
nr_D7,T2,1
nr_D7,T3,1
nr_D8,T23,1
nr_D9,T24,1
nr_D10,T26,1
nr_D11,T11,1
nr_D12,T23,1
nr_D13,T23,1
nr_D14,T24,1
nr_D15,T7,1
nr_D16,T12,1
nr_D17,T23,1
nr_D18,T2,1
nr_D19,T14,1
nr_D19,T15,1
nr_D19,T16,1
nr_D19,T20,1
nr_D19,T21,1
nr_D19,T22,1
nr_D20,T2,1
nr_D20,T9,1
nr_D21,T14,1
nr_D22,T10,1
nr_D23,T9,1
nr_D24,T25,1
nr_D25,T2,1
nr_D26,T12,1
nr_D27,T2,1
nr_D27,T3,1
nr_D27,T4,1
nr_D27,T5,1
nr_D27,T6,1
nr_D28,T7,1
nr_D28,T9,1
nr_D28,T10,1
nr_D28,T11,1
nr_D29,T9,1
nr_D30,T13,1
nr_D31,T13,1
nr_D32,T11,1
nr_D33,T24,1
nr_D34,T2,1
nr_D35,T23,1
nr_D36,T2,1
nr_D36,T11,1
nr_D37,T11,1
nr_D38,T2,1
nr_D38,T11,1
nr_D39,T9,1
nr_D40,T9,1
nr_D41,T2,1
nr_D42,T9,1
nr_D43,T10,1
nr_D44,T14,1
nr_D44,T15,1
nr_D44,T16,1
nr_D44,T18,1
nr_D44,T20,1
nr_D44,T21,1
nr_D44,T22,1
nr_D45,T2,1
nr_D45,T3,1
nr_D46,T11,1
nr_D47,T2,1
nr_D47,T11,1
nr_D48,T7,1
nr_D49,T17,1
nr_D50,T7,1
nr_D51,T2,1
nr_D51,T3,1
nr_D52,T2,1
nr_D52,T11,1
nr_D53,T2,1
nr_D53,T3,1
nr_D54,T8,1
